match_id,snapshot_time,bookmaker,market,selection,decimal_odds,is_opening
FD_PL_538086,2026-03-20 13:14:46.352794,Betway,1x2,away,3.8,0
FD_PL_538086,2026-03-20 13:14:46.352794,Paddy Power,1x2,away,3.7,0
FD_PL_538086,2026-03-20 13:14:46.352794,Sky Bet,1x2,away,3.6,0
FD_PL_538086,2026-03-20 13:14:46.352794,Betfair,1x2,away,3.95,0
FD_PL_538086,2026-03-20 13:14:46.352794,888sport,1x2,away,3.5,0
FD_PL_538086,2026-03-20 13:14:46.352794,William Hill,1x2,away,3.5,0
FD_PL_538086,2026-03-20 13:14:46.352794,LiveScore Bet,1x2,away,3.65,0
FD_PL_538086,2026-03-20 13:14:46.352794,Grosvenor,1x2,away,3.95,0
FD_PL_538086,2026-03-20 13:14:46.352794,LeoVegas,1x2,away,3.9,0
FD_PL_538086,2026-03-20 13:14:46.352794,Virgin Bet,1x2,away,3.65,0
FD_PL_538086,2026-03-20 13:14:46.352794,Casumo,1x2,away,3.95,0
FD_PL_538086,2026-03-20 13:14:46.352794,Smarkets,1x2,away,3.9,0
FD_PL_538086,2026-03-20 13:14:46.352794,BoyleSports,1x2,away,3.8,0
FD_PL_538086,2026-03-20 13:14:46.352794,Bet Victor,1x2,away,3.6,0
FD_PL_538086,2026-03-20 13:14:46.352794,Coral,1x2,away,3.75,0
FD_PL_538086,2026-03-20 13:14:46.352794,Ladbrokes,1x2,away,3.7,0
FD_PL_538086,2026-03-20 13:14:46.352794,Matchbook,1x2,away,3.95,0
FD_PL_538086,2026-03-20 13:14:46.352794,Betfair Sportsbook,1x2,away,3.5,0
FD_PL_538086,2026-03-20 13:14:46.352794,Betway,1x2,draw,3.5,0
FD_PL_538086,2026-03-20 13:14:46.352794,Paddy Power,1x2,draw,3.6,0
FD_PL_538086,2026-03-20 13:14:46.352794,Sky Bet,1x2,draw,3.5,0
FD_PL_538086,2026-03-20 13:14:46.352794,Betfair,1x2,draw,3.8,0
FD_PL_538086,2026-03-20 13:14:46.352794,888sport,1x2,draw,3.5,0
FD_PL_538086,2026-03-20 13:14:46.352794,William Hill,1x2,draw,3.5,0
FD_PL_538086,2026-03-20 13:14:46.352794,LiveScore Bet,1x2,draw,3.35,0
FD_PL_538086,2026-03-20 13:14:46.352794,Grosvenor,1x2,draw,3.55,0
FD_PL_538086,2026-03-20 13:14:46.352794,LeoVegas,1x2,draw,3.5,0
FD_PL_538086,2026-03-20 13:14:46.352794,Virgin Bet,1x2,draw,3.35,0
FD_PL_538086,2026-03-20 13:14:46.352794,Casumo,1x2,draw,3.55,0
FD_PL_538086,2026-03-20 13:14:46.352794,Smarkets,1x2,draw,3.75,0
FD_PL_538086,2026-03-20 13:14:46.352794,BoyleSports,1x2,draw,3.4,0
FD_PL_538086,2026-03-20 13:14:46.352794,Bet Victor,1x2,draw,3.6,0
FD_PL_538086,2026-03-20 13:14:46.352794,Coral,1x2,draw,3.6,0
FD_PL_538086,2026-03-20 13:14:46.352794,Ladbrokes,1x2,draw,3.5,0
FD_PL_538086,2026-03-20 13:14:46.352794,Matchbook,1x2,draw,3.8,0
FD_PL_538086,2026-03-20 13:14:46.352794,Betfair Sportsbook,1x2,draw,3.1,0
FD_PL_538086,2026-03-20 13:14:46.352794,Betway,1x2,home,1.95,0
FD_PL_538086,2026-03-20 13:14:46.352794,Paddy Power,1x2,home,1.95,0
FD_PL_538086,2026-03-20 13:14:46.352794,Sky Bet,1x2,home,1.95,0
FD_PL_538086,2026-03-20 13:14:46.352794,Betfair,1x2,home,2.02,0
FD_PL_538086,2026-03-20 13:14:46.352794,888sport,1x2,home,2.0,0
FD_PL_538086,2026-03-20 13:14:46.352794,William Hill,1x2,home,2.0,0
FD_PL_538086,2026-03-20 13:14:46.352794,LiveScore Bet,1x2,home,1.84,0
FD_PL_538086,2026-03-20 13:14:46.352794,Grosvenor,1x2,home,1.93,0
FD_PL_538086,2026-03-20 13:14:46.352794,LeoVegas,1x2,home,1.91,0
FD_PL_538086,2026-03-20 13:14:46.352794,Virgin Bet,1x2,home,1.84,0
FD_PL_538086,2026-03-20 13:14:46.352794,Casumo,1x2,home,1.93,0
FD_PL_538086,2026-03-20 13:14:46.352794,Smarkets,1x2,home,2.0,0
FD_PL_538086,2026-03-20 13:14:46.352794,BoyleSports,1x2,home,1.91,0
FD_PL_538086,2026-03-20 13:14:46.352794,Bet Victor,1x2,home,1.93,0
FD_PL_538086,2026-03-20 13:14:46.352794,Coral,1x2,home,1.95,0
FD_PL_538086,2026-03-20 13:14:46.352794,Ladbrokes,1x2,home,1.95,0
FD_PL_538086,2026-03-20 13:14:46.352794,Matchbook,1x2,home,2.02,0
FD_PL_538086,2026-03-20 13:14:46.352794,Betfair Sportsbook,1x2,home,1.91,0
FD_PL_538086,2026-03-20 13:14:46.352794,Betway,home_win,home,1.95,0
FD_PL_538086,2026-03-20 13:14:46.352794,Paddy Power,home_win,home,1.95,0
FD_PL_538086,2026-03-20 13:14:46.352794,Sky Bet,home_win,home,1.95,0
FD_PL_538086,2026-03-20 13:14:46.352794,Betfair,home_win,home,2.02,0
FD_PL_538086,2026-03-20 13:14:46.352794,888sport,home_win,home,2.0,0
FD_PL_538086,2026-03-20 13:14:46.352794,William Hill,home_win,home,2.0,0
FD_PL_538086,2026-03-20 13:14:46.352794,LiveScore Bet,home_win,home,1.84,0
FD_PL_538086,2026-03-20 13:14:46.352794,Grosvenor,home_win,home,1.93,0
FD_PL_538086,2026-03-20 13:14:46.352794,LeoVegas,home_win,home,1.91,0
FD_PL_538086,2026-03-20 13:14:46.352794,Virgin Bet,home_win,home,1.84,0
FD_PL_538086,2026-03-20 13:14:46.352794,Casumo,home_win,home,1.93,0
FD_PL_538086,2026-03-20 13:14:46.352794,Smarkets,home_win,home,2.0,0
FD_PL_538086,2026-03-20 13:14:46.352794,BoyleSports,home_win,home,1.91,0
FD_PL_538086,2026-03-20 13:14:46.352794,Bet Victor,home_win,home,1.93,0
FD_PL_538086,2026-03-20 13:14:46.352794,Coral,home_win,home,1.95,0
FD_PL_538086,2026-03-20 13:14:46.352794,Ladbrokes,home_win,home,1.95,0
FD_PL_538086,2026-03-20 13:14:46.352794,Matchbook,home_win,home,2.02,0
FD_PL_538086,2026-03-20 13:14:46.352794,Betfair Sportsbook,home_win,home,1.91,0
FD_PL_538086,2026-03-20 13:14:46.352794,Betway,home_win,not_home,1.821917808219178,0
FD_PL_538086,2026-03-20 13:14:46.352794,Paddy Power,home_win,not_home,1.8246575342465752,0
FD_PL_538086,2026-03-20 13:14:46.352794,Sky Bet,home_win,not_home,1.7746478873239435,0
FD_PL_538086,2026-03-20 13:14:46.352794,Betfair,home_win,not_home,1.9367741935483875,0
FD_PL_538086,2026-03-20 13:14:46.352794,888sport,home_win,not_home,1.75,0
FD_PL_538086,2026-03-20 13:14:46.352794,William Hill,home_win,not_home,1.75,0
FD_PL_538086,2026-03-20 13:14:46.352794,LiveScore Bet,home_win,not_home,1.7467857142857144,0
FD_PL_538086,2026-03-20 13:14:46.352794,Grosvenor,home_win,not_home,1.8696666666666668,0
FD_PL_538086,2026-03-20 13:14:46.352794,LeoVegas,home_win,not_home,1.8445945945945943,0
FD_PL_538086,2026-03-20 13:14:46.352794,Virgin Bet,home_win,not_home,1.7467857142857144,0
FD_PL_538086,2026-03-20 13:14:46.352794,Casumo,home_win,not_home,1.8696666666666668,0
FD_PL_538086,2026-03-20 13:14:46.352794,Smarkets,home_win,not_home,1.9117647058823528,0
FD_PL_538086,2026-03-20 13:14:46.352794,BoyleSports,home_win,not_home,1.7944444444444445,0
FD_PL_538086,2026-03-20 13:14:46.352794,Bet Victor,home_win,not_home,1.7999999999999998,0
FD_PL_538086,2026-03-20 13:14:46.352794,Coral,home_win,not_home,1.8367346938775508,0
FD_PL_538086,2026-03-20 13:14:46.352794,Ladbrokes,home_win,not_home,1.7986111111111112,0
FD_PL_538086,2026-03-20 13:14:46.352794,Matchbook,home_win,not_home,1.9367741935483875,0
FD_PL_538086,2026-03-20 13:14:46.352794,Betfair Sportsbook,home_win,not_home,1.6439393939393938,0
FD_PL_538086,2026-03-20 13:14:46.352794,William Hill,over_2_5,over_2_5,1.73,0
FD_PL_538086,2026-03-20 13:14:46.352794,Grosvenor,over_2_5,over_2_5,1.74,0
FD_PL_538086,2026-03-20 13:14:46.352794,LeoVegas,over_2_5,over_2_5,1.71,0
FD_PL_538086,2026-03-20 13:14:46.352794,Casumo,over_2_5,over_2_5,1.74,0
FD_PL_538086,2026-03-20 13:14:46.352794,Matchbook,over_2_5,over_2_5,1.89,0
FD_PL_538086,2026-03-20 13:14:46.352794,William Hill,over_2_5,under_2_5,2.1,0
FD_PL_538086,2026-03-20 13:14:46.352794,Grosvenor,over_2_5,under_2_5,2.07,0
FD_PL_538086,2026-03-20 13:14:46.352794,LeoVegas,over_2_5,under_2_5,2.04,0
FD_PL_538086,2026-03-20 13:14:46.352794,Casumo,over_2_5,under_2_5,2.07,0
FD_PL_538086,2026-03-20 13:14:46.352794,Matchbook,over_2_5,under_2_5,2.1,0
FD_PL_538088,2026-03-20 13:14:46.352794,Betway,1x2,away,2.15,0
FD_PL_538088,2026-03-20 13:14:46.352794,Paddy Power,1x2,away,2.05,0
FD_PL_538088,2026-03-20 13:14:46.352794,Betfair,1x2,away,2.18,0
FD_PL_538088,2026-03-20 13:14:46.352794,Sky Bet,1x2,away,2.05,0
FD_PL_538088,2026-03-20 13:14:46.352794,888sport,1x2,away,2.1,0
FD_PL_538088,2026-03-20 13:14:46.352794,William Hill,1x2,away,2.1,0
FD_PL_538088,2026-03-20 13:14:46.352794,Virgin Bet,1x2,away,1.93,0
FD_PL_538088,2026-03-20 13:14:46.352794,Casumo,1x2,away,2.02,0
FD_PL_538088,2026-03-20 13:14:46.352794,Grosvenor,1x2,away,2.02,0
FD_PL_538088,2026-03-20 13:14:46.352794,LiveScore Bet,1x2,away,1.93,0
FD_PL_538088,2026-03-20 13:14:46.352794,LeoVegas,1x2,away,2.0,0
FD_PL_538088,2026-03-20 13:14:46.352794,Smarkets,1x2,away,2.16,0
FD_PL_538088,2026-03-20 13:14:46.352794,Bet Victor,1x2,away,2.1,0
FD_PL_538088,2026-03-20 13:14:46.352794,BoyleSports,1x2,away,2.1,0
FD_PL_538088,2026-03-20 13:14:46.352794,Betfair Sportsbook,1x2,away,2.0,0
FD_PL_538088,2026-03-20 13:14:46.352794,Coral,1x2,away,2.1,0
FD_PL_538088,2026-03-20 13:14:46.352794,Ladbrokes,1x2,away,2.05,0
FD_PL_538088,2026-03-20 13:14:46.352794,Matchbook,1x2,away,2.18,0
FD_PL_538088,2026-03-20 13:14:46.352794,Betway,1x2,draw,3.4,0
FD_PL_538088,2026-03-20 13:14:46.352794,Paddy Power,1x2,draw,3.5,0
FD_PL_538088,2026-03-20 13:14:46.352794,Betfair,1x2,draw,3.7,0
FD_PL_538088,2026-03-20 13:14:46.352794,Sky Bet,1x2,draw,3.5,0
FD_PL_538088,2026-03-20 13:14:46.352794,888sport,1x2,draw,3.4,0
FD_PL_538088,2026-03-20 13:14:46.352794,William Hill,1x2,draw,3.4,0
FD_PL_538088,2026-03-20 13:14:46.352794,Virgin Bet,1x2,draw,3.45,0
FD_PL_538088,2026-03-20 13:14:46.352794,Casumo,1x2,draw,3.65,0
FD_PL_538088,2026-03-20 13:14:46.352794,Grosvenor,1x2,draw,3.65,0
FD_PL_538088,2026-03-20 13:14:46.352794,LiveScore Bet,1x2,draw,3.45,0
FD_PL_538088,2026-03-20 13:14:46.352794,LeoVegas,1x2,draw,3.6,0
FD_PL_538088,2026-03-20 13:14:46.352794,Smarkets,1x2,draw,3.65,0
FD_PL_538088,2026-03-20 13:14:46.352794,Bet Victor,1x2,draw,3.6,0
FD_PL_538088,2026-03-20 13:14:46.352794,BoyleSports,1x2,draw,3.3,0
FD_PL_538088,2026-03-20 13:14:46.352794,Betfair Sportsbook,1x2,draw,3.1,0
FD_PL_538088,2026-03-20 13:14:46.352794,Coral,1x2,draw,3.5,0
FD_PL_538088,2026-03-20 13:14:46.352794,Ladbrokes,1x2,draw,3.5,0
FD_PL_538088,2026-03-20 13:14:46.352794,Matchbook,1x2,draw,3.7,0
FD_PL_538088,2026-03-20 13:14:46.352794,Betway,1x2,home,3.3,0
FD_PL_538088,2026-03-20 13:14:46.352794,Paddy Power,1x2,home,3.4,0
FD_PL_538088,2026-03-20 13:14:46.352794,Betfair,1x2,home,3.65,0
FD_PL_538088,2026-03-20 13:14:46.352794,Sky Bet,1x2,home,3.3,0
FD_PL_538088,2026-03-20 13:14:46.352794,888sport,1x2,home,3.3,0
FD_PL_538088,2026-03-20 13:14:46.352794,William Hill,1x2,home,3.3,0
FD_PL_538088,2026-03-20 13:14:46.352794,Virgin Bet,1x2,home,3.3,0
FD_PL_538088,2026-03-20 13:14:46.352794,Casumo,1x2,home,3.5,0
FD_PL_538088,2026-03-20 13:14:46.352794,Grosvenor,1x2,home,3.5,0
FD_PL_538088,2026-03-20 13:14:46.352794,LiveScore Bet,1x2,home,3.3,0
FD_PL_538088,2026-03-20 13:14:46.352794,LeoVegas,1x2,home,3.45,0
FD_PL_538088,2026-03-20 13:14:46.352794,Smarkets,1x2,home,3.6,0
FD_PL_538088,2026-03-20 13:14:46.352794,Bet Victor,1x2,home,3.3,0
FD_PL_538088,2026-03-20 13:14:46.352794,BoyleSports,1x2,home,3.4,0
FD_PL_538088,2026-03-20 13:14:46.352794,Betfair Sportsbook,1x2,home,3.2,0
FD_PL_538088,2026-03-20 13:14:46.352794,Coral,1x2,home,3.4,0
FD_PL_538088,2026-03-20 13:14:46.352794,Ladbrokes,1x2,home,3.4,0
FD_PL_538088,2026-03-20 13:14:46.352794,Matchbook,1x2,home,3.65,0
FD_PL_538088,2026-03-20 13:14:46.352794,Betway,home_win,home,3.3,0
FD_PL_538088,2026-03-20 13:14:46.352794,Paddy Power,home_win,home,3.4,0
FD_PL_538088,2026-03-20 13:14:46.352794,Betfair,home_win,home,3.65,0
FD_PL_538088,2026-03-20 13:14:46.352794,Sky Bet,home_win,home,3.3,0
FD_PL_538088,2026-03-20 13:14:46.352794,888sport,home_win,home,3.3,0
FD_PL_538088,2026-03-20 13:14:46.352794,William Hill,home_win,home,3.3,0
FD_PL_538088,2026-03-20 13:14:46.352794,Virgin Bet,home_win,home,3.3,0
FD_PL_538088,2026-03-20 13:14:46.352794,Casumo,home_win,home,3.5,0
FD_PL_538088,2026-03-20 13:14:46.352794,Grosvenor,home_win,home,3.5,0
FD_PL_538088,2026-03-20 13:14:46.352794,LiveScore Bet,home_win,home,3.3,0
FD_PL_538088,2026-03-20 13:14:46.352794,LeoVegas,home_win,home,3.45,0
FD_PL_538088,2026-03-20 13:14:46.352794,Smarkets,home_win,home,3.6,0
FD_PL_538088,2026-03-20 13:14:46.352794,Bet Victor,home_win,home,3.3,0
FD_PL_538088,2026-03-20 13:14:46.352794,BoyleSports,home_win,home,3.4,0
FD_PL_538088,2026-03-20 13:14:46.352794,Betfair Sportsbook,home_win,home,3.2,0
FD_PL_538088,2026-03-20 13:14:46.352794,Coral,home_win,home,3.4,0
FD_PL_538088,2026-03-20 13:14:46.352794,Ladbrokes,home_win,home,3.4,0
FD_PL_538088,2026-03-20 13:14:46.352794,Matchbook,home_win,home,3.65,0
FD_PL_538088,2026-03-20 13:14:46.352794,Betway,home_win,not_home,1.3171171171171172,0
FD_PL_538088,2026-03-20 13:14:46.352794,Paddy Power,home_win,not_home,1.292792792792793,0
FD_PL_538088,2026-03-20 13:14:46.352794,Betfair,home_win,not_home,1.3717687074829934,0
FD_PL_538088,2026-03-20 13:14:46.352794,Sky Bet,home_win,not_home,1.292792792792793,0
FD_PL_538088,2026-03-20 13:14:46.352794,888sport,home_win,not_home,1.2981818181818183,0
FD_PL_538088,2026-03-20 13:14:46.352794,William Hill,home_win,not_home,1.2981818181818183,0
FD_PL_538088,2026-03-20 13:14:46.352794,Virgin Bet,home_win,not_home,1.237639405204461,0
FD_PL_538088,2026-03-20 13:14:46.352794,Casumo,home_win,not_home,1.300352733686067,0
FD_PL_538088,2026-03-20 13:14:46.352794,Grosvenor,home_win,not_home,1.300352733686067,0
FD_PL_538088,2026-03-20 13:14:46.352794,LiveScore Bet,home_win,not_home,1.237639405204461,0
FD_PL_538088,2026-03-20 13:14:46.352794,LeoVegas,home_win,not_home,1.2857142857142856,0
FD_PL_538088,2026-03-20 13:14:46.352794,Smarkets,home_win,not_home,1.3569707401032705,0
FD_PL_538088,2026-03-20 13:14:46.352794,Bet Victor,home_win,not_home,1.3263157894736843,0
FD_PL_538088,2026-03-20 13:14:46.352794,BoyleSports,home_win,not_home,1.2833333333333332,0
FD_PL_538088,2026-03-20 13:14:46.352794,Betfair Sportsbook,home_win,not_home,1.215686274509804,0
FD_PL_538088,2026-03-20 13:14:46.352794,Coral,home_win,not_home,1.3125,0
FD_PL_538088,2026-03-20 13:14:46.352794,Ladbrokes,home_win,not_home,1.292792792792793,0
FD_PL_538088,2026-03-20 13:14:46.352794,Matchbook,home_win,not_home,1.3717687074829934,0
FD_PL_538088,2026-03-20 13:14:46.352794,William Hill,over_2_5,over_2_5,1.75,0
FD_PL_538088,2026-03-20 13:14:46.352794,Casumo,over_2_5,over_2_5,1.77,0
FD_PL_538088,2026-03-20 13:14:46.352794,Grosvenor,over_2_5,over_2_5,1.77,0
FD_PL_538088,2026-03-20 13:14:46.352794,LeoVegas,over_2_5,over_2_5,1.74,0
FD_PL_538088,2026-03-20 13:14:46.352794,Matchbook,over_2_5,over_2_5,1.87,0
FD_PL_538088,2026-03-20 13:14:46.352794,William Hill,over_2_5,under_2_5,2.0,0
FD_PL_538088,2026-03-20 13:14:46.352794,Casumo,over_2_5,under_2_5,2.04,0
FD_PL_538088,2026-03-20 13:14:46.352794,Grosvenor,over_2_5,under_2_5,2.04,0
FD_PL_538088,2026-03-20 13:14:46.352794,LeoVegas,over_2_5,under_2_5,2.0,0
FD_PL_538088,2026-03-20 13:14:46.352794,Matchbook,over_2_5,under_2_5,2.12,0
FD_PL_538089,2026-03-20 13:14:46.352794,Betway,1x2,away,6.0,0
FD_PL_538089,2026-03-20 13:14:46.352794,Paddy Power,1x2,away,6.0,0
FD_PL_538089,2026-03-20 13:14:46.352794,Betfair,1x2,away,7.0,0
FD_PL_538089,2026-03-20 13:14:46.352794,Sky Bet,1x2,away,6.0,0
FD_PL_538089,2026-03-20 13:14:46.352794,Virgin Bet,1x2,away,6.1,0
FD_PL_538089,2026-03-20 13:14:46.352794,Casumo,1x2,away,6.5,0
FD_PL_538089,2026-03-20 13:14:46.352794,Grosvenor,1x2,away,6.5,0
FD_PL_538089,2026-03-20 13:14:46.352794,LiveScore Bet,1x2,away,6.1,0
FD_PL_538089,2026-03-20 13:14:46.352794,LeoVegas,1x2,away,6.5,0
FD_PL_538089,2026-03-20 13:14:46.352794,Smarkets,1x2,away,7.0,0
FD_PL_538089,2026-03-20 13:14:46.352794,Bet Victor,1x2,away,6.0,0
FD_PL_538089,2026-03-20 13:14:46.352794,888sport,1x2,away,6.0,0
FD_PL_538089,2026-03-20 13:14:46.352794,William Hill,1x2,away,6.0,0
FD_PL_538089,2026-03-20 13:14:46.352794,BoyleSports,1x2,away,5.5,0
FD_PL_538089,2026-03-20 13:14:46.352794,Betfair Sportsbook,1x2,away,5.5,0
FD_PL_538089,2026-03-20 13:14:46.352794,Matchbook,1x2,away,7.0,0
FD_PL_538089,2026-03-20 13:14:46.352794,Coral,1x2,away,6.0,0
FD_PL_538089,2026-03-20 13:14:46.352794,Ladbrokes,1x2,away,6.0,0
FD_PL_538089,2026-03-20 13:14:46.352794,Betway,1x2,draw,4.0,0
FD_PL_538089,2026-03-20 13:14:46.352794,Paddy Power,1x2,draw,4.0,0
FD_PL_538089,2026-03-20 13:14:46.352794,Betfair,1x2,draw,4.2,0
FD_PL_538089,2026-03-20 13:14:46.352794,Sky Bet,1x2,draw,3.9,0
FD_PL_538089,2026-03-20 13:14:46.352794,Virgin Bet,1x2,draw,4.0,0
FD_PL_538089,2026-03-20 13:14:46.352794,Casumo,1x2,draw,4.1,0
FD_PL_538089,2026-03-20 13:14:46.352794,Grosvenor,1x2,draw,4.1,0
FD_PL_538089,2026-03-20 13:14:46.352794,LiveScore Bet,1x2,draw,4.0,0
FD_PL_538089,2026-03-20 13:14:46.352794,LeoVegas,1x2,draw,4.1,0
FD_PL_538089,2026-03-20 13:14:46.352794,Smarkets,1x2,draw,4.2,0
FD_PL_538089,2026-03-20 13:14:46.352794,Bet Victor,1x2,draw,4.2,0
FD_PL_538089,2026-03-20 13:14:46.352794,888sport,1x2,draw,3.8,0
FD_PL_538089,2026-03-20 13:14:46.352794,William Hill,1x2,draw,3.8,0
FD_PL_538089,2026-03-20 13:14:46.352794,BoyleSports,1x2,draw,4.0,0
FD_PL_538089,2026-03-20 13:14:46.352794,Betfair Sportsbook,1x2,draw,3.6,0
FD_PL_538089,2026-03-20 13:14:46.352794,Matchbook,1x2,draw,4.3,0
FD_PL_538089,2026-03-20 13:14:46.352794,Coral,1x2,draw,4.2,0
FD_PL_538089,2026-03-20 13:14:46.352794,Ladbrokes,1x2,draw,4.0,0
FD_PL_538089,2026-03-20 13:14:46.352794,Betway,1x2,home,1.55,0
FD_PL_538089,2026-03-20 13:14:46.352794,Paddy Power,1x2,home,1.53,0
FD_PL_538089,2026-03-20 13:14:46.352794,Betfair,1x2,home,1.6,0
FD_PL_538089,2026-03-20 13:14:46.352794,Sky Bet,1x2,home,1.53,0
FD_PL_538089,2026-03-20 13:14:46.352794,Virgin Bet,1x2,home,1.44,0
FD_PL_538089,2026-03-20 13:14:46.352794,Casumo,1x2,home,1.51,0
FD_PL_538089,2026-03-20 13:14:46.352794,Grosvenor,1x2,home,1.51,0
FD_PL_538089,2026-03-20 13:14:46.352794,LiveScore Bet,1x2,home,1.44,0
FD_PL_538089,2026-03-20 13:14:46.352794,LeoVegas,1x2,home,1.5,0
FD_PL_538089,2026-03-20 13:14:46.352794,Smarkets,1x2,home,1.59,0
FD_PL_538089,2026-03-20 13:14:46.352794,Bet Victor,1x2,home,1.53,0
FD_PL_538089,2026-03-20 13:14:46.352794,888sport,1x2,home,1.53,0
FD_PL_538089,2026-03-20 13:14:46.352794,William Hill,1x2,home,1.55,0
FD_PL_538089,2026-03-20 13:14:46.352794,BoyleSports,1x2,home,1.53,0
FD_PL_538089,2026-03-20 13:14:46.352794,Betfair Sportsbook,1x2,home,1.5,0
FD_PL_538089,2026-03-20 13:14:46.352794,Matchbook,1x2,home,1.6,0
FD_PL_538089,2026-03-20 13:14:46.352794,Coral,1x2,home,1.55,0
FD_PL_538089,2026-03-20 13:14:46.352794,Ladbrokes,1x2,home,1.55,0
FD_PL_538089,2026-03-20 13:14:46.352794,Betway,home_win,home,1.55,0
FD_PL_538089,2026-03-20 13:14:46.352794,Paddy Power,home_win,home,1.53,0
FD_PL_538089,2026-03-20 13:14:46.352794,Betfair,home_win,home,1.6,0
FD_PL_538089,2026-03-20 13:14:46.352794,Sky Bet,home_win,home,1.53,0
FD_PL_538089,2026-03-20 13:14:46.352794,Virgin Bet,home_win,home,1.44,0
FD_PL_538089,2026-03-20 13:14:46.352794,Casumo,home_win,home,1.51,0
FD_PL_538089,2026-03-20 13:14:46.352794,Grosvenor,home_win,home,1.51,0
FD_PL_538089,2026-03-20 13:14:46.352794,LiveScore Bet,home_win,home,1.44,0
FD_PL_538089,2026-03-20 13:14:46.352794,LeoVegas,home_win,home,1.5,0
FD_PL_538089,2026-03-20 13:14:46.352794,Smarkets,home_win,home,1.59,0
FD_PL_538089,2026-03-20 13:14:46.352794,Bet Victor,home_win,home,1.53,0
FD_PL_538089,2026-03-20 13:14:46.352794,888sport,home_win,home,1.53,0
FD_PL_538089,2026-03-20 13:14:46.352794,William Hill,home_win,home,1.55,0
FD_PL_538089,2026-03-20 13:14:46.352794,BoyleSports,home_win,home,1.53,0
FD_PL_538089,2026-03-20 13:14:46.352794,Betfair Sportsbook,home_win,home,1.5,0
FD_PL_538089,2026-03-20 13:14:46.352794,Matchbook,home_win,home,1.6,0
FD_PL_538089,2026-03-20 13:14:46.352794,Coral,home_win,home,1.55,0
FD_PL_538089,2026-03-20 13:14:46.352794,Ladbrokes,home_win,home,1.55,0
FD_PL_538089,2026-03-20 13:14:46.352794,Betway,home_win,not_home,2.4000000000000004,0
FD_PL_538089,2026-03-20 13:14:46.352794,Paddy Power,home_win,not_home,2.4000000000000004,0
FD_PL_538089,2026-03-20 13:14:46.352794,Betfair,home_win,not_home,2.625,0
FD_PL_538089,2026-03-20 13:14:46.352794,Sky Bet,home_win,not_home,2.363636363636364,0
FD_PL_538089,2026-03-20 13:14:46.352794,Virgin Bet,home_win,not_home,2.415841584158416,0
FD_PL_538089,2026-03-20 13:14:46.352794,Casumo,home_win,not_home,2.5141509433962264,0
FD_PL_538089,2026-03-20 13:14:46.352794,Grosvenor,home_win,not_home,2.5141509433962264,0
FD_PL_538089,2026-03-20 13:14:46.352794,LiveScore Bet,home_win,not_home,2.415841584158416,0
FD_PL_538089,2026-03-20 13:14:46.352794,LeoVegas,home_win,not_home,2.5141509433962264,0
FD_PL_538089,2026-03-20 13:14:46.352794,Smarkets,home_win,not_home,2.625,0
FD_PL_538089,2026-03-20 13:14:46.352794,Bet Victor,home_win,not_home,2.4705882352941178,0
FD_PL_538089,2026-03-20 13:14:46.352794,888sport,home_win,not_home,2.326530612244898,0
FD_PL_538089,2026-03-20 13:14:46.352794,William Hill,home_win,not_home,2.326530612244898,0
FD_PL_538089,2026-03-20 13:14:46.352794,BoyleSports,home_win,not_home,2.3157894736842106,0
FD_PL_538089,2026-03-20 13:14:46.352794,Betfair Sportsbook,home_win,not_home,2.175824175824176,0
FD_PL_538089,2026-03-20 13:14:46.352794,Matchbook,home_win,not_home,2.663716814159292,0
FD_PL_538089,2026-03-20 13:14:46.352794,Coral,home_win,not_home,2.4705882352941178,0
FD_PL_538089,2026-03-20 13:14:46.352794,Ladbrokes,home_win,not_home,2.4000000000000004,0
FD_PL_538089,2026-03-20 13:14:46.352794,Casumo,over_2_5,over_2_5,1.83,0
FD_PL_538089,2026-03-20 13:14:46.352794,Grosvenor,over_2_5,over_2_5,1.83,0
FD_PL_538089,2026-03-20 13:14:46.352794,LeoVegas,over_2_5,over_2_5,1.8,0
FD_PL_538089,2026-03-20 13:14:46.352794,William Hill,over_2_5,over_2_5,1.75,0
FD_PL_538089,2026-03-20 13:14:46.352794,Matchbook,over_2_5,over_2_5,1.84,0
FD_PL_538089,2026-03-20 13:14:46.352794,Casumo,over_2_5,under_2_5,1.95,0
FD_PL_538089,2026-03-20 13:14:46.352794,Grosvenor,over_2_5,under_2_5,1.95,0
FD_PL_538089,2026-03-20 13:14:46.352794,LeoVegas,over_2_5,under_2_5,1.93,0
FD_PL_538089,2026-03-20 13:14:46.352794,William Hill,over_2_5,under_2_5,2.0,0
FD_PL_538089,2026-03-20 13:14:46.352794,Matchbook,over_2_5,under_2_5,2.16,0
FD_PL_538090,2026-03-20 13:14:46.352794,Betway,1x2,away,2.8,0
FD_PL_538090,2026-03-20 13:14:46.352794,Paddy Power,1x2,away,2.8,0
FD_PL_538090,2026-03-20 13:14:46.352794,Sky Bet,1x2,away,2.75,0
FD_PL_538090,2026-03-20 13:14:46.352794,Betfair,1x2,away,2.96,0
FD_PL_538090,2026-03-20 13:14:46.352794,888sport,1x2,away,2.7,0
FD_PL_538090,2026-03-20 13:14:46.352794,William Hill,1x2,away,2.7,0
FD_PL_538090,2026-03-20 13:14:46.352794,LeoVegas,1x2,away,2.75,0
FD_PL_538090,2026-03-20 13:14:46.352794,Virgin Bet,1x2,away,2.6,0
FD_PL_538090,2026-03-20 13:14:46.352794,Casumo,1x2,away,2.75,0
FD_PL_538090,2026-03-20 13:14:46.352794,LiveScore Bet,1x2,away,2.6,0
FD_PL_538090,2026-03-20 13:14:46.352794,Grosvenor,1x2,away,2.75,0
FD_PL_538090,2026-03-20 13:14:46.352794,Smarkets,1x2,away,2.94,0
FD_PL_538090,2026-03-20 13:14:46.352794,Bet Victor,1x2,away,2.8,0
FD_PL_538090,2026-03-20 13:14:46.352794,BoyleSports,1x2,away,2.8,0
FD_PL_538090,2026-03-20 13:14:46.352794,Coral,1x2,away,2.8,0
FD_PL_538090,2026-03-20 13:14:46.352794,Ladbrokes,1x2,away,2.8,0
FD_PL_538090,2026-03-20 13:14:46.352794,Matchbook,1x2,away,2.96,0
FD_PL_538090,2026-03-20 13:14:46.352794,Betfair Sportsbook,1x2,away,2.63,0
FD_PL_538090,2026-03-20 13:14:46.352794,Betway,1x2,draw,3.3,0
FD_PL_538090,2026-03-20 13:14:46.352794,Paddy Power,1x2,draw,3.3,0
FD_PL_538090,2026-03-20 13:14:46.352794,Sky Bet,1x2,draw,3.3,0
FD_PL_538090,2026-03-20 13:14:46.352794,Betfair,1x2,draw,3.55,0
FD_PL_538090,2026-03-20 13:14:46.352794,888sport,1x2,draw,3.3,0
FD_PL_538090,2026-03-20 13:14:46.352794,William Hill,1x2,draw,3.3,0
FD_PL_538090,2026-03-20 13:14:46.352794,LeoVegas,1x2,draw,3.35,0
FD_PL_538090,2026-03-20 13:14:46.352794,Virgin Bet,1x2,draw,3.25,0
FD_PL_538090,2026-03-20 13:14:46.352794,Casumo,1x2,draw,3.4,0
FD_PL_538090,2026-03-20 13:14:46.352794,LiveScore Bet,1x2,draw,3.25,0
FD_PL_538090,2026-03-20 13:14:46.352794,Grosvenor,1x2,draw,3.4,0
FD_PL_538090,2026-03-20 13:14:46.352794,Smarkets,1x2,draw,3.55,0
FD_PL_538090,2026-03-20 13:14:46.352794,Bet Victor,1x2,draw,3.5,0
FD_PL_538090,2026-03-20 13:14:46.352794,BoyleSports,1x2,draw,3.3,0
FD_PL_538090,2026-03-20 13:14:46.352794,Coral,1x2,draw,3.5,0
FD_PL_538090,2026-03-20 13:14:46.352794,Ladbrokes,1x2,draw,3.5,0
FD_PL_538090,2026-03-20 13:14:46.352794,Matchbook,1x2,draw,3.55,0
FD_PL_538090,2026-03-20 13:14:46.352794,Betfair Sportsbook,1x2,draw,3.0,0
FD_PL_538090,2026-03-20 13:14:46.352794,Betway,1x2,home,2.5,0
FD_PL_538090,2026-03-20 13:14:46.352794,Paddy Power,1x2,home,2.45,0
FD_PL_538090,2026-03-20 13:14:46.352794,Sky Bet,1x2,home,2.45,0
FD_PL_538090,2026-03-20 13:14:46.352794,Betfair,1x2,home,2.6,0
FD_PL_538090,2026-03-20 13:14:46.352794,888sport,1x2,home,2.45,0
FD_PL_538090,2026-03-20 13:14:46.352794,William Hill,1x2,home,2.45,0
FD_PL_538090,2026-03-20 13:14:46.352794,LeoVegas,1x2,home,2.5,0
FD_PL_538090,2026-03-20 13:14:46.352794,Virgin Bet,1x2,home,2.38,0
FD_PL_538090,2026-03-20 13:14:46.352794,Casumo,1x2,home,2.55,0
FD_PL_538090,2026-03-20 13:14:46.352794,LiveScore Bet,1x2,home,2.38,0
FD_PL_538090,2026-03-20 13:14:46.352794,Grosvenor,1x2,home,2.55,0
FD_PL_538090,2026-03-20 13:14:46.352794,Smarkets,1x2,home,2.58,0
FD_PL_538090,2026-03-20 13:14:46.352794,Bet Victor,1x2,home,2.45,0
FD_PL_538090,2026-03-20 13:14:46.352794,BoyleSports,1x2,home,2.4,0
FD_PL_538090,2026-03-20 13:14:46.352794,Coral,1x2,home,2.4,0
FD_PL_538090,2026-03-20 13:14:46.352794,Ladbrokes,1x2,home,2.4,0
FD_PL_538090,2026-03-20 13:14:46.352794,Matchbook,1x2,home,2.6,0
FD_PL_538090,2026-03-20 13:14:46.352794,Betfair Sportsbook,1x2,home,2.4,0
FD_PL_538090,2026-03-20 13:14:46.352794,Betway,home_win,home,2.5,0
FD_PL_538090,2026-03-20 13:14:46.352794,Paddy Power,home_win,home,2.45,0
FD_PL_538090,2026-03-20 13:14:46.352794,Sky Bet,home_win,home,2.45,0
FD_PL_538090,2026-03-20 13:14:46.352794,Betfair,home_win,home,2.6,0
FD_PL_538090,2026-03-20 13:14:46.352794,888sport,home_win,home,2.45,0
FD_PL_538090,2026-03-20 13:14:46.352794,William Hill,home_win,home,2.45,0
FD_PL_538090,2026-03-20 13:14:46.352794,LeoVegas,home_win,home,2.5,0
FD_PL_538090,2026-03-20 13:14:46.352794,Virgin Bet,home_win,home,2.38,0
FD_PL_538090,2026-03-20 13:14:46.352794,Casumo,home_win,home,2.55,0
FD_PL_538090,2026-03-20 13:14:46.352794,LiveScore Bet,home_win,home,2.38,0
FD_PL_538090,2026-03-20 13:14:46.352794,Grosvenor,home_win,home,2.55,0
FD_PL_538090,2026-03-20 13:14:46.352794,Smarkets,home_win,home,2.58,0
FD_PL_538090,2026-03-20 13:14:46.352794,Bet Victor,home_win,home,2.45,0
FD_PL_538090,2026-03-20 13:14:46.352794,BoyleSports,home_win,home,2.4,0
FD_PL_538090,2026-03-20 13:14:46.352794,Coral,home_win,home,2.4,0
FD_PL_538090,2026-03-20 13:14:46.352794,Ladbrokes,home_win,home,2.4,0
FD_PL_538090,2026-03-20 13:14:46.352794,Matchbook,home_win,home,2.6,0
FD_PL_538090,2026-03-20 13:14:46.352794,Betfair Sportsbook,home_win,home,2.4,0
FD_PL_538090,2026-03-20 13:14:46.352794,Betway,home_win,not_home,1.5147540983606558,0
FD_PL_538090,2026-03-20 13:14:46.352794,Paddy Power,home_win,not_home,1.5147540983606558,0
FD_PL_538090,2026-03-20 13:14:46.352794,Sky Bet,home_win,not_home,1.4999999999999998,0
FD_PL_538090,2026-03-20 13:14:46.352794,Betfair,home_win,not_home,1.6141321044546852,0
FD_PL_538090,2026-03-20 13:14:46.352794,888sport,home_win,not_home,1.485,0
FD_PL_538090,2026-03-20 13:14:46.352794,William Hill,home_win,not_home,1.485,0
FD_PL_538090,2026-03-20 13:14:46.352794,LeoVegas,home_win,not_home,1.5102459016393444,0
FD_PL_538090,2026-03-20 13:14:46.352794,Virgin Bet,home_win,not_home,1.4444444444444444,0
FD_PL_538090,2026-03-20 13:14:46.352794,Casumo,home_win,not_home,1.520325203252033,0
FD_PL_538090,2026-03-20 13:14:46.352794,LiveScore Bet,home_win,not_home,1.4444444444444444,0
FD_PL_538090,2026-03-20 13:14:46.352794,Grosvenor,home_win,not_home,1.520325203252033,0
FD_PL_538090,2026-03-20 13:14:46.352794,Smarkets,home_win,not_home,1.608166409861325,0
FD_PL_538090,2026-03-20 13:14:46.352794,Bet Victor,home_win,not_home,1.5555555555555558,0
FD_PL_538090,2026-03-20 13:14:46.352794,BoyleSports,home_win,not_home,1.5147540983606558,0
FD_PL_538090,2026-03-20 13:14:46.352794,Coral,home_win,not_home,1.5555555555555558,0
FD_PL_538090,2026-03-20 13:14:46.352794,Ladbrokes,home_win,not_home,1.5555555555555558,0
FD_PL_538090,2026-03-20 13:14:46.352794,Matchbook,home_win,not_home,1.6141321044546852,0
FD_PL_538090,2026-03-20 13:14:46.352794,Betfair Sportsbook,home_win,not_home,1.4014209591474245,0
FD_PL_538090,2026-03-20 13:14:46.352794,William Hill,over_2_5,over_2_5,1.83,0
FD_PL_538090,2026-03-20 13:14:46.352794,LeoVegas,over_2_5,over_2_5,1.88,0
FD_PL_538090,2026-03-20 13:14:46.352794,Casumo,over_2_5,over_2_5,1.91,0
FD_PL_538090,2026-03-20 13:14:46.352794,Grosvenor,over_2_5,over_2_5,1.91,0
FD_PL_538090,2026-03-20 13:14:46.352794,Matchbook,over_2_5,over_2_5,1.92,0
FD_PL_538090,2026-03-20 13:14:46.352794,William Hill,over_2_5,under_2_5,1.95,0
FD_PL_538090,2026-03-20 13:14:46.352794,LeoVegas,over_2_5,under_2_5,1.83,0
FD_PL_538090,2026-03-20 13:14:46.352794,Casumo,over_2_5,under_2_5,1.87,0
FD_PL_538090,2026-03-20 13:14:46.352794,Grosvenor,over_2_5,under_2_5,1.87,0
FD_PL_538090,2026-03-20 13:14:46.352794,Matchbook,over_2_5,under_2_5,2.04,0
FD_PL_538093,2026-03-20 13:14:46.352794,Betway,1x2,away,3.1,0
FD_PL_538093,2026-03-20 13:14:46.352794,Paddy Power,1x2,away,3.0,0
FD_PL_538093,2026-03-20 13:14:46.352794,Betfair,1x2,away,3.4,0
FD_PL_538093,2026-03-20 13:14:46.352794,Sky Bet,1x2,away,3.0,0
FD_PL_538093,2026-03-20 13:14:46.352794,888sport,1x2,away,3.1,0
FD_PL_538093,2026-03-20 13:14:46.352794,William Hill,1x2,away,3.1,0
FD_PL_538093,2026-03-20 13:14:46.352794,Casumo,1x2,away,3.15,0
FD_PL_538093,2026-03-20 13:14:46.352794,LiveScore Bet,1x2,away,3.0,0
FD_PL_538093,2026-03-20 13:14:46.352794,Grosvenor,1x2,away,3.15,0
FD_PL_538093,2026-03-20 13:14:46.352794,LeoVegas,1x2,away,3.15,0
FD_PL_538093,2026-03-20 13:14:46.352794,Virgin Bet,1x2,away,3.0,0
FD_PL_538093,2026-03-20 13:14:46.352794,Smarkets,1x2,away,3.35,0
FD_PL_538093,2026-03-20 13:14:46.352794,BoyleSports,1x2,away,3.2,0
FD_PL_538093,2026-03-20 13:14:46.352794,Bet Victor,1x2,away,3.1,0
FD_PL_538093,2026-03-20 13:14:46.352794,Coral,1x2,away,3.2,0
FD_PL_538093,2026-03-20 13:14:46.352794,Ladbrokes,1x2,away,3.2,0
FD_PL_538093,2026-03-20 13:14:46.352794,Betfair Sportsbook,1x2,away,3.0,0
FD_PL_538093,2026-03-20 13:14:46.352794,Matchbook,1x2,away,3.4,0
FD_PL_538093,2026-03-20 13:14:46.352794,Betway,1x2,draw,3.4,0
FD_PL_538093,2026-03-20 13:14:46.352794,Paddy Power,1x2,draw,3.5,0
FD_PL_538093,2026-03-20 13:14:46.352794,Betfair,1x2,draw,3.5,0
FD_PL_538093,2026-03-20 13:14:46.352794,Sky Bet,1x2,draw,3.4,0
FD_PL_538093,2026-03-20 13:14:46.352794,888sport,1x2,draw,3.25,0
FD_PL_538093,2026-03-20 13:14:46.352794,William Hill,1x2,draw,3.25,0
FD_PL_538093,2026-03-20 13:14:46.352794,Casumo,1x2,draw,3.45,0
FD_PL_538093,2026-03-20 13:14:46.352794,LiveScore Bet,1x2,draw,3.25,0
FD_PL_538093,2026-03-20 13:14:46.352794,Grosvenor,1x2,draw,3.45,0
FD_PL_538093,2026-03-20 13:14:46.352794,LeoVegas,1x2,draw,3.4,0
FD_PL_538093,2026-03-20 13:14:46.352794,Virgin Bet,1x2,draw,3.25,0
FD_PL_538093,2026-03-20 13:14:46.352794,Smarkets,1x2,draw,3.5,0
FD_PL_538093,2026-03-20 13:14:46.352794,BoyleSports,1x2,draw,3.3,0
FD_PL_538093,2026-03-20 13:14:46.352794,Bet Victor,1x2,draw,3.4,0
FD_PL_538093,2026-03-20 13:14:46.352794,Coral,1x2,draw,3.5,0
FD_PL_538093,2026-03-20 13:14:46.352794,Ladbrokes,1x2,draw,3.4,0
FD_PL_538093,2026-03-20 13:14:46.352794,Betfair Sportsbook,1x2,draw,3.0,0
FD_PL_538093,2026-03-20 13:14:46.352794,Matchbook,1x2,draw,3.5,0
FD_PL_538093,2026-03-20 13:14:46.352794,Betway,1x2,home,2.25,0
FD_PL_538093,2026-03-20 13:14:46.352794,Paddy Power,1x2,home,2.2,0
FD_PL_538093,2026-03-20 13:14:46.352794,Betfair,1x2,home,2.32,0
FD_PL_538093,2026-03-20 13:14:46.352794,Sky Bet,1x2,home,2.2,0
FD_PL_538093,2026-03-20 13:14:46.352794,888sport,1x2,home,2.25,0
FD_PL_538093,2026-03-20 13:14:46.352794,William Hill,1x2,home,2.25,0
FD_PL_538093,2026-03-20 13:14:46.352794,Casumo,1x2,home,2.25,0
FD_PL_538093,2026-03-20 13:14:46.352794,LiveScore Bet,1x2,home,2.14,0
FD_PL_538093,2026-03-20 13:14:46.352794,Grosvenor,1x2,home,2.25,0
FD_PL_538093,2026-03-20 13:14:46.352794,LeoVegas,1x2,home,2.23,0
FD_PL_538093,2026-03-20 13:14:46.352794,Virgin Bet,1x2,home,2.14,0
FD_PL_538093,2026-03-20 13:14:46.352794,Smarkets,1x2,home,2.3,0
FD_PL_538093,2026-03-20 13:14:46.352794,BoyleSports,1x2,home,2.2,0
FD_PL_538093,2026-03-20 13:14:46.352794,Bet Victor,1x2,home,2.2,0
FD_PL_538093,2026-03-20 13:14:46.352794,Coral,1x2,home,2.2,0
FD_PL_538093,2026-03-20 13:14:46.352794,Ladbrokes,1x2,home,2.2,0
FD_PL_538093,2026-03-20 13:14:46.352794,Betfair Sportsbook,1x2,home,2.1,0
FD_PL_538093,2026-03-20 13:14:46.352794,Matchbook,1x2,home,2.32,0
FD_PL_538093,2026-03-20 13:14:46.352794,Betway,home_win,home,2.25,0
FD_PL_538093,2026-03-20 13:14:46.352794,Paddy Power,home_win,home,2.2,0
FD_PL_538093,2026-03-20 13:14:46.352794,Betfair,home_win,home,2.32,0
FD_PL_538093,2026-03-20 13:14:46.352794,Sky Bet,home_win,home,2.2,0
FD_PL_538093,2026-03-20 13:14:46.352794,888sport,home_win,home,2.25,0
FD_PL_538093,2026-03-20 13:14:46.352794,William Hill,home_win,home,2.25,0
FD_PL_538093,2026-03-20 13:14:46.352794,Casumo,home_win,home,2.25,0
FD_PL_538093,2026-03-20 13:14:46.352794,LiveScore Bet,home_win,home,2.14,0
FD_PL_538093,2026-03-20 13:14:46.352794,Grosvenor,home_win,home,2.25,0
FD_PL_538093,2026-03-20 13:14:46.352794,LeoVegas,home_win,home,2.23,0
FD_PL_538093,2026-03-20 13:14:46.352794,Virgin Bet,home_win,home,2.14,0
FD_PL_538093,2026-03-20 13:14:46.352794,Smarkets,home_win,home,2.3,0
FD_PL_538093,2026-03-20 13:14:46.352794,BoyleSports,home_win,home,2.2,0
FD_PL_538093,2026-03-20 13:14:46.352794,Bet Victor,home_win,home,2.2,0
FD_PL_538093,2026-03-20 13:14:46.352794,Coral,home_win,home,2.2,0
FD_PL_538093,2026-03-20 13:14:46.352794,Ladbrokes,home_win,home,2.2,0
FD_PL_538093,2026-03-20 13:14:46.352794,Betfair Sportsbook,home_win,home,2.1,0
FD_PL_538093,2026-03-20 13:14:46.352794,Matchbook,home_win,home,2.32,0
FD_PL_538093,2026-03-20 13:14:46.352794,Betway,home_win,not_home,1.6215384615384616,0
FD_PL_538093,2026-03-20 13:14:46.352794,Paddy Power,home_win,not_home,1.6153846153846154,0
FD_PL_538093,2026-03-20 13:14:46.352794,Betfair,home_win,not_home,1.7246376811594204,0
FD_PL_538093,2026-03-20 13:14:46.352794,Sky Bet,home_win,not_home,1.59375,0
FD_PL_538093,2026-03-20 13:14:46.352794,888sport,home_win,not_home,1.5866141732283463,0
FD_PL_538093,2026-03-20 13:14:46.352794,William Hill,home_win,not_home,1.5866141732283463,0
FD_PL_538093,2026-03-20 13:14:46.352794,Casumo,home_win,not_home,1.6465909090909092,0
FD_PL_538093,2026-03-20 13:14:46.352794,LiveScore Bet,home_win,not_home,1.56,0
FD_PL_538093,2026-03-20 13:14:46.352794,Grosvenor,home_win,not_home,1.6465909090909092,0
FD_PL_538093,2026-03-20 13:14:46.352794,LeoVegas,home_win,not_home,1.6351145038167938,0
FD_PL_538093,2026-03-20 13:14:46.352794,Virgin Bet,home_win,not_home,1.56,0
FD_PL_538093,2026-03-20 13:14:46.352794,Smarkets,home_win,not_home,1.7116788321167884,0
FD_PL_538093,2026-03-20 13:14:46.352794,BoyleSports,home_win,not_home,1.6246153846153848,0
FD_PL_538093,2026-03-20 13:14:46.352794,Bet Victor,home_win,not_home,1.6215384615384616,0
FD_PL_538093,2026-03-20 13:14:46.352794,Coral,home_win,not_home,1.671641791044776,0
FD_PL_538093,2026-03-20 13:14:46.352794,Ladbrokes,home_win,not_home,1.6484848484848482,0
FD_PL_538093,2026-03-20 13:14:46.352794,Betfair Sportsbook,home_win,not_home,1.5,0
FD_PL_538093,2026-03-20 13:14:46.352794,Matchbook,home_win,not_home,1.7246376811594204,0
FD_PL_538093,2026-03-20 13:14:46.352794,William Hill,over_2_5,over_2_5,1.91,0
FD_PL_538093,2026-03-20 13:14:46.352794,Casumo,over_2_5,over_2_5,1.88,0
FD_PL_538093,2026-03-20 13:14:46.352794,Grosvenor,over_2_5,over_2_5,1.88,0
FD_PL_538093,2026-03-20 13:14:46.352794,LeoVegas,over_2_5,over_2_5,1.85,0
FD_PL_538093,2026-03-20 13:14:46.352794,Matchbook,over_2_5,over_2_5,1.95,0
FD_PL_538093,2026-03-20 13:14:46.352794,William Hill,over_2_5,under_2_5,1.85,0
FD_PL_538093,2026-03-20 13:14:46.352794,Casumo,over_2_5,under_2_5,1.89,0
FD_PL_538093,2026-03-20 13:14:46.352794,Grosvenor,over_2_5,under_2_5,1.89,0
FD_PL_538093,2026-03-20 13:14:46.352794,LeoVegas,over_2_5,under_2_5,1.87,0
FD_PL_538093,2026-03-20 13:14:46.352794,Matchbook,over_2_5,under_2_5,2.02,0
FD_PL_538086,2026-03-20 14:16:26.308588,Betway,1x2,away,3.8,0
FD_PL_538086,2026-03-20 14:16:26.308588,Paddy Power,1x2,away,3.7,0
FD_PL_538086,2026-03-20 14:16:26.308588,Sky Bet,1x2,away,3.6,0
FD_PL_538086,2026-03-20 14:16:26.308588,Betfair,1x2,away,4.0,0
FD_PL_538086,2026-03-20 14:16:26.308588,888sport,1x2,away,3.5,0
FD_PL_538086,2026-03-20 14:16:26.308588,William Hill,1x2,away,3.5,0
FD_PL_538086,2026-03-20 14:16:26.308588,LiveScore Bet,1x2,away,3.65,0
FD_PL_538086,2026-03-20 14:16:26.308588,Grosvenor,1x2,away,3.95,0
FD_PL_538086,2026-03-20 14:16:26.308588,LeoVegas,1x2,away,3.9,0
FD_PL_538086,2026-03-20 14:16:26.308588,Virgin Bet,1x2,away,3.65,0
FD_PL_538086,2026-03-20 14:16:26.308588,Casumo,1x2,away,3.95,0
FD_PL_538086,2026-03-20 14:16:26.308588,Smarkets,1x2,away,3.95,0
FD_PL_538086,2026-03-20 14:16:26.308588,BoyleSports,1x2,away,3.8,0
FD_PL_538086,2026-03-20 14:16:26.308588,Bet Victor,1x2,away,3.6,0
FD_PL_538086,2026-03-20 14:16:26.308588,Coral,1x2,away,3.75,0
FD_PL_538086,2026-03-20 14:16:26.308588,Ladbrokes,1x2,away,3.7,0
FD_PL_538086,2026-03-20 14:16:26.308588,Matchbook,1x2,away,4.0,0
FD_PL_538086,2026-03-20 14:16:26.308588,Betfair Sportsbook,1x2,away,3.5,0
FD_PL_538086,2026-03-20 14:16:26.308588,Betway,1x2,draw,3.5,0
FD_PL_538086,2026-03-20 14:16:26.308588,Paddy Power,1x2,draw,3.6,0
FD_PL_538086,2026-03-20 14:16:26.308588,Sky Bet,1x2,draw,3.5,0
FD_PL_538086,2026-03-20 14:16:26.308588,Betfair,1x2,draw,3.8,0
FD_PL_538086,2026-03-20 14:16:26.308588,888sport,1x2,draw,3.5,0
FD_PL_538086,2026-03-20 14:16:26.308588,William Hill,1x2,draw,3.5,0
FD_PL_538086,2026-03-20 14:16:26.308588,LiveScore Bet,1x2,draw,3.35,0
FD_PL_538086,2026-03-20 14:16:26.308588,Grosvenor,1x2,draw,3.55,0
FD_PL_538086,2026-03-20 14:16:26.308588,LeoVegas,1x2,draw,3.5,0
FD_PL_538086,2026-03-20 14:16:26.308588,Virgin Bet,1x2,draw,3.35,0
FD_PL_538086,2026-03-20 14:16:26.308588,Casumo,1x2,draw,3.55,0
FD_PL_538086,2026-03-20 14:16:26.308588,Smarkets,1x2,draw,3.75,0
FD_PL_538086,2026-03-20 14:16:26.308588,BoyleSports,1x2,draw,3.4,0
FD_PL_538086,2026-03-20 14:16:26.308588,Bet Victor,1x2,draw,3.6,0
FD_PL_538086,2026-03-20 14:16:26.308588,Coral,1x2,draw,3.6,0
FD_PL_538086,2026-03-20 14:16:26.308588,Ladbrokes,1x2,draw,3.5,0
FD_PL_538086,2026-03-20 14:16:26.308588,Matchbook,1x2,draw,3.75,0
FD_PL_538086,2026-03-20 14:16:26.308588,Betfair Sportsbook,1x2,draw,3.1,0
FD_PL_538086,2026-03-20 14:16:26.308588,Betway,1x2,home,1.95,0
FD_PL_538086,2026-03-20 14:16:26.308588,Paddy Power,1x2,home,1.95,0
FD_PL_538086,2026-03-20 14:16:26.308588,Sky Bet,1x2,home,1.95,0
FD_PL_538086,2026-03-20 14:16:26.308588,Betfair,1x2,home,2.02,0
FD_PL_538086,2026-03-20 14:16:26.308588,888sport,1x2,home,2.0,0
FD_PL_538086,2026-03-20 14:16:26.308588,William Hill,1x2,home,2.0,0
FD_PL_538086,2026-03-20 14:16:26.308588,LiveScore Bet,1x2,home,1.84,0
FD_PL_538086,2026-03-20 14:16:26.308588,Grosvenor,1x2,home,1.93,0
FD_PL_538086,2026-03-20 14:16:26.308588,LeoVegas,1x2,home,1.91,0
FD_PL_538086,2026-03-20 14:16:26.308588,Virgin Bet,1x2,home,1.84,0
FD_PL_538086,2026-03-20 14:16:26.308588,Casumo,1x2,home,1.93,0
FD_PL_538086,2026-03-20 14:16:26.308588,Smarkets,1x2,home,2.0,0
FD_PL_538086,2026-03-20 14:16:26.308588,BoyleSports,1x2,home,1.91,0
FD_PL_538086,2026-03-20 14:16:26.308588,Bet Victor,1x2,home,1.93,0
FD_PL_538086,2026-03-20 14:16:26.308588,Coral,1x2,home,1.95,0
FD_PL_538086,2026-03-20 14:16:26.308588,Ladbrokes,1x2,home,1.95,0
FD_PL_538086,2026-03-20 14:16:26.308588,Matchbook,1x2,home,2.02,0
FD_PL_538086,2026-03-20 14:16:26.308588,Betfair Sportsbook,1x2,home,1.91,0
FD_PL_538086,2026-03-20 14:16:26.308588,Betway,home_win,home,1.95,0
FD_PL_538086,2026-03-20 14:16:26.308588,Paddy Power,home_win,home,1.95,0
FD_PL_538086,2026-03-20 14:16:26.308588,Sky Bet,home_win,home,1.95,0
FD_PL_538086,2026-03-20 14:16:26.308588,Betfair,home_win,home,2.02,0
FD_PL_538086,2026-03-20 14:16:26.308588,888sport,home_win,home,2.0,0
FD_PL_538086,2026-03-20 14:16:26.308588,William Hill,home_win,home,2.0,0
FD_PL_538086,2026-03-20 14:16:26.308588,LiveScore Bet,home_win,home,1.84,0
FD_PL_538086,2026-03-20 14:16:26.308588,Grosvenor,home_win,home,1.93,0
FD_PL_538086,2026-03-20 14:16:26.308588,LeoVegas,home_win,home,1.91,0
FD_PL_538086,2026-03-20 14:16:26.308588,Virgin Bet,home_win,home,1.84,0
FD_PL_538086,2026-03-20 14:16:26.308588,Casumo,home_win,home,1.93,0
FD_PL_538086,2026-03-20 14:16:26.308588,Smarkets,home_win,home,2.0,0
FD_PL_538086,2026-03-20 14:16:26.308588,BoyleSports,home_win,home,1.91,0
FD_PL_538086,2026-03-20 14:16:26.308588,Bet Victor,home_win,home,1.93,0
FD_PL_538086,2026-03-20 14:16:26.308588,Coral,home_win,home,1.95,0
FD_PL_538086,2026-03-20 14:16:26.308588,Ladbrokes,home_win,home,1.95,0
FD_PL_538086,2026-03-20 14:16:26.308588,Matchbook,home_win,home,2.02,0
FD_PL_538086,2026-03-20 14:16:26.308588,Betfair Sportsbook,home_win,home,1.91,0
FD_PL_538086,2026-03-20 14:16:26.308588,Betway,home_win,not_home,1.821917808219178,0
FD_PL_538086,2026-03-20 14:16:26.308588,Paddy Power,home_win,not_home,1.8246575342465752,0
FD_PL_538086,2026-03-20 14:16:26.308588,Sky Bet,home_win,not_home,1.7746478873239435,0
FD_PL_538086,2026-03-20 14:16:26.308588,Betfair,home_win,not_home,1.948717948717949,0
FD_PL_538086,2026-03-20 14:16:26.308588,888sport,home_win,not_home,1.75,0
FD_PL_538086,2026-03-20 14:16:26.308588,William Hill,home_win,not_home,1.75,0
FD_PL_538086,2026-03-20 14:16:26.308588,LiveScore Bet,home_win,not_home,1.7467857142857144,0
FD_PL_538086,2026-03-20 14:16:26.308588,Grosvenor,home_win,not_home,1.8696666666666668,0
FD_PL_538086,2026-03-20 14:16:26.308588,LeoVegas,home_win,not_home,1.8445945945945943,0
FD_PL_538086,2026-03-20 14:16:26.308588,Virgin Bet,home_win,not_home,1.7467857142857144,0
FD_PL_538086,2026-03-20 14:16:26.308588,Casumo,home_win,not_home,1.8696666666666668,0
FD_PL_538086,2026-03-20 14:16:26.308588,Smarkets,home_win,not_home,1.923701298701299,0
FD_PL_538086,2026-03-20 14:16:26.308588,BoyleSports,home_win,not_home,1.7944444444444445,0
FD_PL_538086,2026-03-20 14:16:26.308588,Bet Victor,home_win,not_home,1.7999999999999998,0
FD_PL_538086,2026-03-20 14:16:26.308588,Coral,home_win,not_home,1.8367346938775508,0
FD_PL_538086,2026-03-20 14:16:26.308588,Ladbrokes,home_win,not_home,1.7986111111111112,0
FD_PL_538086,2026-03-20 14:16:26.308588,Matchbook,home_win,not_home,1.9354838709677424,0
FD_PL_538086,2026-03-20 14:16:26.308588,Betfair Sportsbook,home_win,not_home,1.6439393939393938,0
FD_PL_538086,2026-03-20 14:16:26.308588,William Hill,over_2_5,over_2_5,1.73,0
FD_PL_538086,2026-03-20 14:16:26.308588,Grosvenor,over_2_5,over_2_5,1.74,0
FD_PL_538086,2026-03-20 14:16:26.308588,LeoVegas,over_2_5,over_2_5,1.71,0
FD_PL_538086,2026-03-20 14:16:26.308588,Casumo,over_2_5,over_2_5,1.74,0
FD_PL_538086,2026-03-20 14:16:26.308588,Matchbook,over_2_5,over_2_5,1.87,0
FD_PL_538086,2026-03-20 14:16:26.308588,William Hill,over_2_5,under_2_5,2.1,0
FD_PL_538086,2026-03-20 14:16:26.308588,Grosvenor,over_2_5,under_2_5,2.07,0
FD_PL_538086,2026-03-20 14:16:26.308588,LeoVegas,over_2_5,under_2_5,2.04,0
FD_PL_538086,2026-03-20 14:16:26.308588,Casumo,over_2_5,under_2_5,2.07,0
FD_PL_538086,2026-03-20 14:16:26.308588,Matchbook,over_2_5,under_2_5,2.06,0
FD_PL_538088,2026-03-20 14:16:26.308588,Betway,1x2,away,2.15,0
FD_PL_538088,2026-03-20 14:16:26.308588,Paddy Power,1x2,away,2.05,0
FD_PL_538088,2026-03-20 14:16:26.308588,Betfair,1x2,away,2.18,0
FD_PL_538088,2026-03-20 14:16:26.308588,Sky Bet,1x2,away,2.05,0
FD_PL_538088,2026-03-20 14:16:26.308588,888sport,1x2,away,2.1,0
FD_PL_538088,2026-03-20 14:16:26.308588,William Hill,1x2,away,2.1,0
FD_PL_538088,2026-03-20 14:16:26.308588,Virgin Bet,1x2,away,2.0,0
FD_PL_538088,2026-03-20 14:16:26.308588,Casumo,1x2,away,2.06,0
FD_PL_538088,2026-03-20 14:16:26.308588,Grosvenor,1x2,away,2.06,0
FD_PL_538088,2026-03-20 14:16:26.308588,LiveScore Bet,1x2,away,2.0,0
FD_PL_538088,2026-03-20 14:16:26.308588,LeoVegas,1x2,away,2.04,0
FD_PL_538088,2026-03-20 14:16:26.308588,Smarkets,1x2,away,2.16,0
FD_PL_538088,2026-03-20 14:16:26.308588,Bet Victor,1x2,away,2.1,0
FD_PL_538088,2026-03-20 14:16:26.308588,BoyleSports,1x2,away,2.05,0
FD_PL_538088,2026-03-20 14:16:26.308588,Betfair Sportsbook,1x2,away,2.0,0
FD_PL_538088,2026-03-20 14:16:26.308588,Coral,1x2,away,2.1,0
FD_PL_538088,2026-03-20 14:16:26.308588,Ladbrokes,1x2,away,2.05,0
FD_PL_538088,2026-03-20 14:16:26.308588,Matchbook,1x2,away,2.18,0
FD_PL_538088,2026-03-20 14:16:26.308588,Betway,1x2,draw,3.4,0
FD_PL_538088,2026-03-20 14:16:26.308588,Paddy Power,1x2,draw,3.5,0
FD_PL_538088,2026-03-20 14:16:26.308588,Betfair,1x2,draw,3.7,0
FD_PL_538088,2026-03-20 14:16:26.308588,Sky Bet,1x2,draw,3.5,0
FD_PL_538088,2026-03-20 14:16:26.308588,888sport,1x2,draw,3.4,0
FD_PL_538088,2026-03-20 14:16:26.308588,William Hill,1x2,draw,3.4,0
FD_PL_538088,2026-03-20 14:16:26.308588,Virgin Bet,1x2,draw,3.45,0
FD_PL_538088,2026-03-20 14:16:26.308588,Casumo,1x2,draw,3.6,0
FD_PL_538088,2026-03-20 14:16:26.308588,Grosvenor,1x2,draw,3.6,0
FD_PL_538088,2026-03-20 14:16:26.308588,LiveScore Bet,1x2,draw,3.45,0
FD_PL_538088,2026-03-20 14:16:26.308588,LeoVegas,1x2,draw,3.55,0
FD_PL_538088,2026-03-20 14:16:26.308588,Smarkets,1x2,draw,3.65,0
FD_PL_538088,2026-03-20 14:16:26.308588,Bet Victor,1x2,draw,3.5,0
FD_PL_538088,2026-03-20 14:16:26.308588,BoyleSports,1x2,draw,3.3,0
FD_PL_538088,2026-03-20 14:16:26.308588,Betfair Sportsbook,1x2,draw,3.1,0
FD_PL_538088,2026-03-20 14:16:26.308588,Coral,1x2,draw,3.5,0
FD_PL_538088,2026-03-20 14:16:26.308588,Ladbrokes,1x2,draw,3.5,0
FD_PL_538088,2026-03-20 14:16:26.308588,Matchbook,1x2,draw,3.65,0
FD_PL_538088,2026-03-20 14:16:26.308588,Betway,1x2,home,3.3,0
FD_PL_538088,2026-03-20 14:16:26.308588,Paddy Power,1x2,home,3.4,0
FD_PL_538088,2026-03-20 14:16:26.308588,Betfair,1x2,home,3.65,0
FD_PL_538088,2026-03-20 14:16:26.308588,Sky Bet,1x2,home,3.3,0
FD_PL_538088,2026-03-20 14:16:26.308588,888sport,1x2,home,3.3,0
FD_PL_538088,2026-03-20 14:16:26.308588,William Hill,1x2,home,3.3,0
FD_PL_538088,2026-03-20 14:16:26.308588,Virgin Bet,1x2,home,3.35,0
FD_PL_538088,2026-03-20 14:16:26.308588,Casumo,1x2,home,3.45,0
FD_PL_538088,2026-03-20 14:16:26.308588,Grosvenor,1x2,home,3.45,0
FD_PL_538088,2026-03-20 14:16:26.308588,LiveScore Bet,1x2,home,3.35,0
FD_PL_538088,2026-03-20 14:16:26.308588,LeoVegas,1x2,home,3.4,0
FD_PL_538088,2026-03-20 14:16:26.308588,Smarkets,1x2,home,3.6,0
FD_PL_538088,2026-03-20 14:16:26.308588,Bet Victor,1x2,home,3.4,0
FD_PL_538088,2026-03-20 14:16:26.308588,BoyleSports,1x2,home,3.4,0
FD_PL_538088,2026-03-20 14:16:26.308588,Betfair Sportsbook,1x2,home,3.2,0
FD_PL_538088,2026-03-20 14:16:26.308588,Coral,1x2,home,3.4,0
FD_PL_538088,2026-03-20 14:16:26.308588,Ladbrokes,1x2,home,3.4,0
FD_PL_538088,2026-03-20 14:16:26.308588,Matchbook,1x2,home,3.65,0
FD_PL_538088,2026-03-20 14:16:26.308588,Betway,home_win,home,3.3,0
FD_PL_538088,2026-03-20 14:16:26.308588,Paddy Power,home_win,home,3.4,0
FD_PL_538088,2026-03-20 14:16:26.308588,Betfair,home_win,home,3.65,0
FD_PL_538088,2026-03-20 14:16:26.308588,Sky Bet,home_win,home,3.3,0
FD_PL_538088,2026-03-20 14:16:26.308588,888sport,home_win,home,3.3,0
FD_PL_538088,2026-03-20 14:16:26.308588,William Hill,home_win,home,3.3,0
FD_PL_538088,2026-03-20 14:16:26.308588,Virgin Bet,home_win,home,3.35,0
FD_PL_538088,2026-03-20 14:16:26.308588,Casumo,home_win,home,3.45,0
FD_PL_538088,2026-03-20 14:16:26.308588,Grosvenor,home_win,home,3.45,0
FD_PL_538088,2026-03-20 14:16:26.308588,LiveScore Bet,home_win,home,3.35,0
FD_PL_538088,2026-03-20 14:16:26.308588,LeoVegas,home_win,home,3.4,0
FD_PL_538088,2026-03-20 14:16:26.308588,Smarkets,home_win,home,3.6,0
FD_PL_538088,2026-03-20 14:16:26.308588,Bet Victor,home_win,home,3.4,0
FD_PL_538088,2026-03-20 14:16:26.308588,BoyleSports,home_win,home,3.4,0
FD_PL_538088,2026-03-20 14:16:26.308588,Betfair Sportsbook,home_win,home,3.2,0
FD_PL_538088,2026-03-20 14:16:26.308588,Coral,home_win,home,3.4,0
FD_PL_538088,2026-03-20 14:16:26.308588,Ladbrokes,home_win,home,3.4,0
FD_PL_538088,2026-03-20 14:16:26.308588,Matchbook,home_win,home,3.65,0
FD_PL_538088,2026-03-20 14:16:26.308588,Betway,home_win,not_home,1.3171171171171172,0
FD_PL_538088,2026-03-20 14:16:26.308588,Paddy Power,home_win,not_home,1.292792792792793,0
FD_PL_538088,2026-03-20 14:16:26.308588,Betfair,home_win,not_home,1.3717687074829934,0
FD_PL_538088,2026-03-20 14:16:26.308588,Sky Bet,home_win,not_home,1.292792792792793,0
FD_PL_538088,2026-03-20 14:16:26.308588,888sport,home_win,not_home,1.2981818181818183,0
FD_PL_538088,2026-03-20 14:16:26.308588,William Hill,home_win,not_home,1.2981818181818183,0
FD_PL_538088,2026-03-20 14:16:26.308588,Virgin Bet,home_win,not_home,1.2660550458715598,0
FD_PL_538088,2026-03-20 14:16:26.308588,Casumo,home_win,not_home,1.3102473498233216,0
FD_PL_538088,2026-03-20 14:16:26.308588,Grosvenor,home_win,not_home,1.3102473498233216,0
FD_PL_538088,2026-03-20 14:16:26.308588,LiveScore Bet,home_win,not_home,1.2660550458715598,0
FD_PL_538088,2026-03-20 14:16:26.308588,LeoVegas,home_win,not_home,1.2955277280858677,0
FD_PL_538088,2026-03-20 14:16:26.308588,Smarkets,home_win,not_home,1.3569707401032705,0
FD_PL_538088,2026-03-20 14:16:26.308588,Bet Victor,home_win,not_home,1.3125,0
FD_PL_538088,2026-03-20 14:16:26.308588,BoyleSports,home_win,not_home,1.264485981308411,0
FD_PL_538088,2026-03-20 14:16:26.308588,Betfair Sportsbook,home_win,not_home,1.215686274509804,0
FD_PL_538088,2026-03-20 14:16:26.308588,Coral,home_win,not_home,1.3125,0
FD_PL_538088,2026-03-20 14:16:26.308588,Ladbrokes,home_win,not_home,1.292792792792793,0
FD_PL_538088,2026-03-20 14:16:26.308588,Matchbook,home_win,not_home,1.3648370497427105,0
FD_PL_538088,2026-03-20 14:16:26.308588,William Hill,over_2_5,over_2_5,1.75,0
FD_PL_538088,2026-03-20 14:16:26.308588,Casumo,over_2_5,over_2_5,1.77,0
FD_PL_538088,2026-03-20 14:16:26.308588,Grosvenor,over_2_5,over_2_5,1.77,0
FD_PL_538088,2026-03-20 14:16:26.308588,LeoVegas,over_2_5,over_2_5,1.74,0
FD_PL_538088,2026-03-20 14:16:26.308588,Matchbook,over_2_5,over_2_5,1.83,0
FD_PL_538088,2026-03-20 14:16:26.308588,William Hill,over_2_5,under_2_5,2.0,0
FD_PL_538088,2026-03-20 14:16:26.308588,Casumo,over_2_5,under_2_5,2.02,0
FD_PL_538088,2026-03-20 14:16:26.308588,Grosvenor,over_2_5,under_2_5,2.02,0
FD_PL_538088,2026-03-20 14:16:26.308588,LeoVegas,over_2_5,under_2_5,2.0,0
FD_PL_538088,2026-03-20 14:16:26.308588,Matchbook,over_2_5,under_2_5,2.08,0
FD_PL_538089,2026-03-20 14:16:26.308588,Betway,1x2,away,6.0,0
FD_PL_538089,2026-03-20 14:16:26.308588,Paddy Power,1x2,away,6.0,0
FD_PL_538089,2026-03-20 14:16:26.308588,Betfair,1x2,away,6.8,0
FD_PL_538089,2026-03-20 14:16:26.308588,Sky Bet,1x2,away,6.0,0
FD_PL_538089,2026-03-20 14:16:26.308588,Virgin Bet,1x2,away,6.25,0
FD_PL_538089,2026-03-20 14:16:26.308588,Casumo,1x2,away,6.5,0
FD_PL_538089,2026-03-20 14:16:26.308588,Grosvenor,1x2,away,6.5,0
FD_PL_538089,2026-03-20 14:16:26.308588,LiveScore Bet,1x2,away,6.25,0
FD_PL_538089,2026-03-20 14:16:26.308588,LeoVegas,1x2,away,6.5,0
FD_PL_538089,2026-03-20 14:16:26.308588,Smarkets,1x2,away,6.6,0
FD_PL_538089,2026-03-20 14:16:26.308588,Bet Victor,1x2,away,6.0,0
FD_PL_538089,2026-03-20 14:16:26.308588,888sport,1x2,away,6.0,0
FD_PL_538089,2026-03-20 14:16:26.308588,William Hill,1x2,away,6.0,0
FD_PL_538089,2026-03-20 14:16:26.308588,BoyleSports,1x2,away,5.5,0
FD_PL_538089,2026-03-20 14:16:26.308588,Betfair Sportsbook,1x2,away,5.5,0
FD_PL_538089,2026-03-20 14:16:26.308588,Matchbook,1x2,away,6.8,0
FD_PL_538089,2026-03-20 14:16:26.308588,Coral,1x2,away,6.0,0
FD_PL_538089,2026-03-20 14:16:26.308588,Ladbrokes,1x2,away,6.0,0
FD_PL_538089,2026-03-20 14:16:26.308588,Betway,1x2,draw,4.0,0
FD_PL_538089,2026-03-20 14:16:26.308588,Paddy Power,1x2,draw,4.0,0
FD_PL_538089,2026-03-20 14:16:26.308588,Betfair,1x2,draw,4.3,0
FD_PL_538089,2026-03-20 14:16:26.308588,Sky Bet,1x2,draw,3.9,0
FD_PL_538089,2026-03-20 14:16:26.308588,Virgin Bet,1x2,draw,4.1,0
FD_PL_538089,2026-03-20 14:16:26.308588,Casumo,1x2,draw,4.1,0
FD_PL_538089,2026-03-20 14:16:26.308588,Grosvenor,1x2,draw,4.1,0
FD_PL_538089,2026-03-20 14:16:26.308588,LiveScore Bet,1x2,draw,4.1,0
FD_PL_538089,2026-03-20 14:16:26.308588,LeoVegas,1x2,draw,4.1,0
FD_PL_538089,2026-03-20 14:16:26.308588,Smarkets,1x2,draw,4.2,0
FD_PL_538089,2026-03-20 14:16:26.308588,Bet Victor,1x2,draw,4.2,0
FD_PL_538089,2026-03-20 14:16:26.308588,888sport,1x2,draw,3.8,0
FD_PL_538089,2026-03-20 14:16:26.308588,William Hill,1x2,draw,3.8,0
FD_PL_538089,2026-03-20 14:16:26.308588,BoyleSports,1x2,draw,4.0,0
FD_PL_538089,2026-03-20 14:16:26.308588,Betfair Sportsbook,1x2,draw,3.6,0
FD_PL_538089,2026-03-20 14:16:26.308588,Matchbook,1x2,draw,4.2,0
FD_PL_538089,2026-03-20 14:16:26.308588,Coral,1x2,draw,4.2,0
FD_PL_538089,2026-03-20 14:16:26.308588,Ladbrokes,1x2,draw,4.0,0
FD_PL_538089,2026-03-20 14:16:26.308588,Betway,1x2,home,1.55,0
FD_PL_538089,2026-03-20 14:16:26.308588,Paddy Power,1x2,home,1.53,0
FD_PL_538089,2026-03-20 14:16:26.308588,Betfair,1x2,home,1.59,0
FD_PL_538089,2026-03-20 14:16:26.308588,Sky Bet,1x2,home,1.53,0
FD_PL_538089,2026-03-20 14:16:26.308588,Virgin Bet,1x2,home,1.49,0
FD_PL_538089,2026-03-20 14:16:26.308588,Casumo,1x2,home,1.51,0
FD_PL_538089,2026-03-20 14:16:26.308588,Grosvenor,1x2,home,1.51,0
FD_PL_538089,2026-03-20 14:16:26.308588,LiveScore Bet,1x2,home,1.49,0
FD_PL_538089,2026-03-20 14:16:26.308588,LeoVegas,1x2,home,1.5,0
FD_PL_538089,2026-03-20 14:16:26.308588,Smarkets,1x2,home,1.58,0
FD_PL_538089,2026-03-20 14:16:26.308588,Bet Victor,1x2,home,1.53,0
FD_PL_538089,2026-03-20 14:16:26.308588,888sport,1x2,home,1.53,0
FD_PL_538089,2026-03-20 14:16:26.308588,William Hill,1x2,home,1.55,0
FD_PL_538089,2026-03-20 14:16:26.308588,BoyleSports,1x2,home,1.53,0
FD_PL_538089,2026-03-20 14:16:26.308588,Betfair Sportsbook,1x2,home,1.5,0
FD_PL_538089,2026-03-20 14:16:26.308588,Matchbook,1x2,home,1.59,0
FD_PL_538089,2026-03-20 14:16:26.308588,Coral,1x2,home,1.55,0
FD_PL_538089,2026-03-20 14:16:26.308588,Ladbrokes,1x2,home,1.55,0
FD_PL_538089,2026-03-20 14:16:26.308588,Betway,home_win,home,1.55,0
FD_PL_538089,2026-03-20 14:16:26.308588,Paddy Power,home_win,home,1.53,0
FD_PL_538089,2026-03-20 14:16:26.308588,Betfair,home_win,home,1.59,0
FD_PL_538089,2026-03-20 14:16:26.308588,Sky Bet,home_win,home,1.53,0
FD_PL_538089,2026-03-20 14:16:26.308588,Virgin Bet,home_win,home,1.49,0
FD_PL_538089,2026-03-20 14:16:26.308588,Casumo,home_win,home,1.51,0
FD_PL_538089,2026-03-20 14:16:26.308588,Grosvenor,home_win,home,1.51,0
FD_PL_538089,2026-03-20 14:16:26.308588,LiveScore Bet,home_win,home,1.49,0
FD_PL_538089,2026-03-20 14:16:26.308588,LeoVegas,home_win,home,1.5,0
FD_PL_538089,2026-03-20 14:16:26.308588,Smarkets,home_win,home,1.58,0
FD_PL_538089,2026-03-20 14:16:26.308588,Bet Victor,home_win,home,1.53,0
FD_PL_538089,2026-03-20 14:16:26.308588,888sport,home_win,home,1.53,0
FD_PL_538089,2026-03-20 14:16:26.308588,William Hill,home_win,home,1.55,0
FD_PL_538089,2026-03-20 14:16:26.308588,BoyleSports,home_win,home,1.53,0
FD_PL_538089,2026-03-20 14:16:26.308588,Betfair Sportsbook,home_win,home,1.5,0
FD_PL_538089,2026-03-20 14:16:26.308588,Matchbook,home_win,home,1.59,0
FD_PL_538089,2026-03-20 14:16:26.308588,Coral,home_win,home,1.55,0
FD_PL_538089,2026-03-20 14:16:26.308588,Ladbrokes,home_win,home,1.55,0
FD_PL_538089,2026-03-20 14:16:26.308588,Betway,home_win,not_home,2.4000000000000004,0
FD_PL_538089,2026-03-20 14:16:26.308588,Paddy Power,home_win,not_home,2.4000000000000004,0
FD_PL_538089,2026-03-20 14:16:26.308588,Betfair,home_win,not_home,2.6342342342342344,0
FD_PL_538089,2026-03-20 14:16:26.308588,Sky Bet,home_win,not_home,2.3636363636363638,0
FD_PL_538089,2026-03-20 14:16:26.308588,Virgin Bet,home_win,not_home,2.475845410628019,0
FD_PL_538089,2026-03-20 14:16:26.308588,Casumo,home_win,not_home,2.5141509433962264,0
FD_PL_538089,2026-03-20 14:16:26.308588,Grosvenor,home_win,not_home,2.5141509433962264,0
FD_PL_538089,2026-03-20 14:16:26.308588,LiveScore Bet,home_win,not_home,2.475845410628019,0
FD_PL_538089,2026-03-20 14:16:26.308588,LeoVegas,home_win,not_home,2.5141509433962264,0
FD_PL_538089,2026-03-20 14:16:26.308588,Smarkets,home_win,not_home,2.5666666666666664,0
FD_PL_538089,2026-03-20 14:16:26.308588,Bet Victor,home_win,not_home,2.4705882352941178,0
FD_PL_538089,2026-03-20 14:16:26.308588,888sport,home_win,not_home,2.326530612244898,0
FD_PL_538089,2026-03-20 14:16:26.308588,William Hill,home_win,not_home,2.326530612244898,0
FD_PL_538089,2026-03-20 14:16:26.308588,BoyleSports,home_win,not_home,2.3157894736842106,0
FD_PL_538089,2026-03-20 14:16:26.308588,Betfair Sportsbook,home_win,not_home,2.175824175824176,0
FD_PL_538089,2026-03-20 14:16:26.308588,Matchbook,home_win,not_home,2.5963636363636367,0
FD_PL_538089,2026-03-20 14:16:26.308588,Coral,home_win,not_home,2.4705882352941178,0
FD_PL_538089,2026-03-20 14:16:26.308588,Ladbrokes,home_win,not_home,2.4000000000000004,0
FD_PL_538089,2026-03-20 14:16:26.308588,Casumo,over_2_5,over_2_5,1.83,0
FD_PL_538089,2026-03-20 14:16:26.308588,Grosvenor,over_2_5,over_2_5,1.83,0
FD_PL_538089,2026-03-20 14:16:26.308588,LeoVegas,over_2_5,over_2_5,1.8,0
FD_PL_538089,2026-03-20 14:16:26.308588,William Hill,over_2_5,over_2_5,1.75,0
FD_PL_538089,2026-03-20 14:16:26.308588,Matchbook,over_2_5,over_2_5,1.82,0
FD_PL_538089,2026-03-20 14:16:26.308588,Casumo,over_2_5,under_2_5,1.95,0
FD_PL_538089,2026-03-20 14:16:26.308588,Grosvenor,over_2_5,under_2_5,1.95,0
FD_PL_538089,2026-03-20 14:16:26.308588,LeoVegas,over_2_5,under_2_5,1.93,0
FD_PL_538089,2026-03-20 14:16:26.308588,William Hill,over_2_5,under_2_5,2.0,0
FD_PL_538089,2026-03-20 14:16:26.308588,Matchbook,over_2_5,under_2_5,2.14,0
FD_PL_538090,2026-03-20 14:16:26.308588,Betway,1x2,away,2.8,0
FD_PL_538090,2026-03-20 14:16:26.308588,Paddy Power,1x2,away,2.8,0
FD_PL_538090,2026-03-20 14:16:26.308588,Sky Bet,1x2,away,2.75,0
FD_PL_538090,2026-03-20 14:16:26.308588,Betfair,1x2,away,2.98,0
FD_PL_538090,2026-03-20 14:16:26.308588,888sport,1x2,away,2.7,0
FD_PL_538090,2026-03-20 14:16:26.308588,William Hill,1x2,away,2.7,0
FD_PL_538090,2026-03-20 14:16:26.308588,LeoVegas,1x2,away,2.75,0
FD_PL_538090,2026-03-20 14:16:26.308588,Virgin Bet,1x2,away,2.65,0
FD_PL_538090,2026-03-20 14:16:26.308588,Casumo,1x2,away,2.75,0
FD_PL_538090,2026-03-20 14:16:26.308588,LiveScore Bet,1x2,away,2.6,0
FD_PL_538090,2026-03-20 14:16:26.308588,Grosvenor,1x2,away,2.75,0
FD_PL_538090,2026-03-20 14:16:26.308588,Smarkets,1x2,away,2.94,0
FD_PL_538090,2026-03-20 14:16:26.308588,Bet Victor,1x2,away,2.8,0
FD_PL_538090,2026-03-20 14:16:26.308588,BoyleSports,1x2,away,2.8,0
FD_PL_538090,2026-03-20 14:16:26.308588,Coral,1x2,away,2.8,0
FD_PL_538090,2026-03-20 14:16:26.308588,Ladbrokes,1x2,away,2.8,0
FD_PL_538090,2026-03-20 14:16:26.308588,Matchbook,1x2,away,2.98,0
FD_PL_538090,2026-03-20 14:16:26.308588,Betfair Sportsbook,1x2,away,2.63,0
FD_PL_538090,2026-03-20 14:16:26.308588,Betway,1x2,draw,3.3,0
FD_PL_538090,2026-03-20 14:16:26.308588,Paddy Power,1x2,draw,3.3,0
FD_PL_538090,2026-03-20 14:16:26.308588,Sky Bet,1x2,draw,3.3,0
FD_PL_538090,2026-03-20 14:16:26.308588,Betfair,1x2,draw,3.55,0
FD_PL_538090,2026-03-20 14:16:26.308588,888sport,1x2,draw,3.3,0
FD_PL_538090,2026-03-20 14:16:26.308588,William Hill,1x2,draw,3.3,0
FD_PL_538090,2026-03-20 14:16:26.308588,LeoVegas,1x2,draw,3.35,0
FD_PL_538090,2026-03-20 14:16:26.308588,Virgin Bet,1x2,draw,3.3,0
FD_PL_538090,2026-03-20 14:16:26.308588,Casumo,1x2,draw,3.4,0
FD_PL_538090,2026-03-20 14:16:26.308588,LiveScore Bet,1x2,draw,3.25,0
FD_PL_538090,2026-03-20 14:16:26.308588,Grosvenor,1x2,draw,3.4,0
FD_PL_538090,2026-03-20 14:16:26.308588,Smarkets,1x2,draw,3.55,0
FD_PL_538090,2026-03-20 14:16:26.308588,Bet Victor,1x2,draw,3.5,0
FD_PL_538090,2026-03-20 14:16:26.308588,BoyleSports,1x2,draw,3.3,0
FD_PL_538090,2026-03-20 14:16:26.308588,Coral,1x2,draw,3.5,0
FD_PL_538090,2026-03-20 14:16:26.308588,Ladbrokes,1x2,draw,3.5,0
FD_PL_538090,2026-03-20 14:16:26.308588,Matchbook,1x2,draw,3.5,0
FD_PL_538090,2026-03-20 14:16:26.308588,Betfair Sportsbook,1x2,draw,3.0,0
FD_PL_538090,2026-03-20 14:16:26.308588,Betway,1x2,home,2.5,0
FD_PL_538090,2026-03-20 14:16:26.308588,Paddy Power,1x2,home,2.45,0
FD_PL_538090,2026-03-20 14:16:26.308588,Sky Bet,1x2,home,2.45,0
FD_PL_538090,2026-03-20 14:16:26.308588,Betfair,1x2,home,2.6,0
FD_PL_538090,2026-03-20 14:16:26.308588,888sport,1x2,home,2.45,0
FD_PL_538090,2026-03-20 14:16:26.308588,William Hill,1x2,home,2.45,0
FD_PL_538090,2026-03-20 14:16:26.308588,LeoVegas,1x2,home,2.5,0
FD_PL_538090,2026-03-20 14:16:26.308588,Virgin Bet,1x2,home,2.45,0
FD_PL_538090,2026-03-20 14:16:26.308588,Casumo,1x2,home,2.55,0
FD_PL_538090,2026-03-20 14:16:26.308588,LiveScore Bet,1x2,home,2.38,0
FD_PL_538090,2026-03-20 14:16:26.308588,Grosvenor,1x2,home,2.55,0
FD_PL_538090,2026-03-20 14:16:26.308588,Smarkets,1x2,home,2.58,0
FD_PL_538090,2026-03-20 14:16:26.308588,Bet Victor,1x2,home,2.45,0
FD_PL_538090,2026-03-20 14:16:26.308588,BoyleSports,1x2,home,2.4,0
FD_PL_538090,2026-03-20 14:16:26.308588,Coral,1x2,home,2.4,0
FD_PL_538090,2026-03-20 14:16:26.308588,Ladbrokes,1x2,home,2.4,0
FD_PL_538090,2026-03-20 14:16:26.308588,Matchbook,1x2,home,2.54,0
FD_PL_538090,2026-03-20 14:16:26.308588,Betfair Sportsbook,1x2,home,2.4,0
FD_PL_538090,2026-03-20 14:16:26.308588,Betway,home_win,home,2.5,0
FD_PL_538090,2026-03-20 14:16:26.308588,Paddy Power,home_win,home,2.45,0
FD_PL_538090,2026-03-20 14:16:26.308588,Sky Bet,home_win,home,2.45,0
FD_PL_538090,2026-03-20 14:16:26.308588,Betfair,home_win,home,2.6,0
FD_PL_538090,2026-03-20 14:16:26.308588,888sport,home_win,home,2.45,0
FD_PL_538090,2026-03-20 14:16:26.308588,William Hill,home_win,home,2.45,0
FD_PL_538090,2026-03-20 14:16:26.308588,LeoVegas,home_win,home,2.5,0
FD_PL_538090,2026-03-20 14:16:26.308588,Virgin Bet,home_win,home,2.45,0
FD_PL_538090,2026-03-20 14:16:26.308588,Casumo,home_win,home,2.55,0
FD_PL_538090,2026-03-20 14:16:26.308588,LiveScore Bet,home_win,home,2.38,0
FD_PL_538090,2026-03-20 14:16:26.308588,Grosvenor,home_win,home,2.55,0
FD_PL_538090,2026-03-20 14:16:26.308588,Smarkets,home_win,home,2.58,0
FD_PL_538090,2026-03-20 14:16:26.308588,Bet Victor,home_win,home,2.45,0
FD_PL_538090,2026-03-20 14:16:26.308588,BoyleSports,home_win,home,2.4,0
FD_PL_538090,2026-03-20 14:16:26.308588,Coral,home_win,home,2.4,0
FD_PL_538090,2026-03-20 14:16:26.308588,Ladbrokes,home_win,home,2.4,0
FD_PL_538090,2026-03-20 14:16:26.308588,Matchbook,home_win,home,2.54,0
FD_PL_538090,2026-03-20 14:16:26.308588,Betfair Sportsbook,home_win,home,2.4,0
FD_PL_538090,2026-03-20 14:16:26.308588,Betway,home_win,not_home,1.5147540983606558,0
FD_PL_538090,2026-03-20 14:16:26.308588,Paddy Power,home_win,not_home,1.5147540983606558,0
FD_PL_538090,2026-03-20 14:16:26.308588,Sky Bet,home_win,not_home,1.4999999999999998,0
FD_PL_538090,2026-03-20 14:16:26.308588,Betfair,home_win,not_home,1.620061255742726,0
FD_PL_538090,2026-03-20 14:16:26.308588,888sport,home_win,not_home,1.485,0
FD_PL_538090,2026-03-20 14:16:26.308588,William Hill,home_win,not_home,1.485,0
FD_PL_538090,2026-03-20 14:16:26.308588,LeoVegas,home_win,not_home,1.5102459016393444,0
FD_PL_538090,2026-03-20 14:16:26.308588,Virgin Bet,home_win,not_home,1.4697478991596638,0
FD_PL_538090,2026-03-20 14:16:26.308588,Casumo,home_win,not_home,1.520325203252033,0
FD_PL_538090,2026-03-20 14:16:26.308588,LiveScore Bet,home_win,not_home,1.4444444444444444,0
FD_PL_538090,2026-03-20 14:16:26.308588,Grosvenor,home_win,not_home,1.520325203252033,0
FD_PL_538090,2026-03-20 14:16:26.308588,Smarkets,home_win,not_home,1.608166409861325,0
FD_PL_538090,2026-03-20 14:16:26.308588,Bet Victor,home_win,not_home,1.5555555555555558,0
FD_PL_538090,2026-03-20 14:16:26.308588,BoyleSports,home_win,not_home,1.5147540983606558,0
FD_PL_538090,2026-03-20 14:16:26.308588,Coral,home_win,not_home,1.5555555555555558,0
FD_PL_538090,2026-03-20 14:16:26.308588,Ladbrokes,home_win,not_home,1.5555555555555558,0
FD_PL_538090,2026-03-20 14:16:26.308588,Matchbook,home_win,not_home,1.6095679012345678,0
FD_PL_538090,2026-03-20 14:16:26.308588,Betfair Sportsbook,home_win,not_home,1.4014209591474245,0
FD_PL_538090,2026-03-20 14:16:26.308588,William Hill,over_2_5,over_2_5,1.83,0
FD_PL_538090,2026-03-20 14:16:26.308588,LeoVegas,over_2_5,over_2_5,1.88,0
FD_PL_538090,2026-03-20 14:16:26.308588,Casumo,over_2_5,over_2_5,1.91,0
FD_PL_538090,2026-03-20 14:16:26.308588,Grosvenor,over_2_5,over_2_5,1.91,0
FD_PL_538090,2026-03-20 14:16:26.308588,Matchbook,over_2_5,over_2_5,1.87,0
FD_PL_538090,2026-03-20 14:16:26.308588,William Hill,over_2_5,under_2_5,1.95,0
FD_PL_538090,2026-03-20 14:16:26.308588,LeoVegas,over_2_5,under_2_5,1.83,0
FD_PL_538090,2026-03-20 14:16:26.308588,Casumo,over_2_5,under_2_5,1.87,0
FD_PL_538090,2026-03-20 14:16:26.308588,Grosvenor,over_2_5,under_2_5,1.87,0
FD_PL_538090,2026-03-20 14:16:26.308588,Matchbook,over_2_5,under_2_5,2.04,0
FD_PL_538093,2026-03-20 14:16:26.308588,Betway,1x2,away,3.1,0
FD_PL_538093,2026-03-20 14:16:26.308588,Paddy Power,1x2,away,3.25,0
FD_PL_538093,2026-03-20 14:16:26.308588,Betfair,1x2,away,3.4,0
FD_PL_538093,2026-03-20 14:16:26.308588,Sky Bet,1x2,away,3.2,0
FD_PL_538093,2026-03-20 14:16:26.308588,888sport,1x2,away,3.1,0
FD_PL_538093,2026-03-20 14:16:26.308588,William Hill,1x2,away,3.1,0
FD_PL_538093,2026-03-20 14:16:26.308588,Casumo,1x2,away,3.15,0
FD_PL_538093,2026-03-20 14:16:26.308588,LiveScore Bet,1x2,away,3.0,0
FD_PL_538093,2026-03-20 14:16:26.308588,Grosvenor,1x2,away,3.15,0
FD_PL_538093,2026-03-20 14:16:26.308588,LeoVegas,1x2,away,3.15,0
FD_PL_538093,2026-03-20 14:16:26.308588,Virgin Bet,1x2,away,3.0,0
FD_PL_538093,2026-03-20 14:16:26.308588,Smarkets,1x2,away,3.35,0
FD_PL_538093,2026-03-20 14:16:26.308588,BoyleSports,1x2,away,3.2,0
FD_PL_538093,2026-03-20 14:16:26.308588,Bet Victor,1x2,away,3.1,0
FD_PL_538093,2026-03-20 14:16:26.308588,Coral,1x2,away,3.2,0
FD_PL_538093,2026-03-20 14:16:26.308588,Ladbrokes,1x2,away,3.2,0
FD_PL_538093,2026-03-20 14:16:26.308588,Betfair Sportsbook,1x2,away,3.0,0
FD_PL_538093,2026-03-20 14:16:26.308588,Matchbook,1x2,away,3.35,0
FD_PL_538093,2026-03-20 14:16:26.308588,Betway,1x2,draw,3.4,0
FD_PL_538093,2026-03-20 14:16:26.308588,Paddy Power,1x2,draw,3.3,0
FD_PL_538093,2026-03-20 14:16:26.308588,Betfair,1x2,draw,3.5,0
FD_PL_538093,2026-03-20 14:16:26.308588,Sky Bet,1x2,draw,3.25,0
FD_PL_538093,2026-03-20 14:16:26.308588,888sport,1x2,draw,3.25,0
FD_PL_538093,2026-03-20 14:16:26.308588,William Hill,1x2,draw,3.25,0
FD_PL_538093,2026-03-20 14:16:26.308588,Casumo,1x2,draw,3.45,0
FD_PL_538093,2026-03-20 14:16:26.308588,LiveScore Bet,1x2,draw,3.25,0
FD_PL_538093,2026-03-20 14:16:26.308588,Grosvenor,1x2,draw,3.45,0
FD_PL_538093,2026-03-20 14:16:26.308588,LeoVegas,1x2,draw,3.4,0
FD_PL_538093,2026-03-20 14:16:26.308588,Virgin Bet,1x2,draw,3.25,0
FD_PL_538093,2026-03-20 14:16:26.308588,Smarkets,1x2,draw,3.45,0
FD_PL_538093,2026-03-20 14:16:26.308588,BoyleSports,1x2,draw,3.3,0
FD_PL_538093,2026-03-20 14:16:26.308588,Bet Victor,1x2,draw,3.4,0
FD_PL_538093,2026-03-20 14:16:26.308588,Coral,1x2,draw,3.5,0
FD_PL_538093,2026-03-20 14:16:26.308588,Ladbrokes,1x2,draw,3.4,0
FD_PL_538093,2026-03-20 14:16:26.308588,Betfair Sportsbook,1x2,draw,3.0,0
FD_PL_538093,2026-03-20 14:16:26.308588,Matchbook,1x2,draw,3.45,0
FD_PL_538093,2026-03-20 14:16:26.308588,Betway,1x2,home,2.25,0
FD_PL_538093,2026-03-20 14:16:26.308588,Paddy Power,1x2,home,2.2,0
FD_PL_538093,2026-03-20 14:16:26.308588,Betfair,1x2,home,2.32,0
FD_PL_538093,2026-03-20 14:16:26.308588,Sky Bet,1x2,home,2.2,0
FD_PL_538093,2026-03-20 14:16:26.308588,888sport,1x2,home,2.25,0
FD_PL_538093,2026-03-20 14:16:26.308588,William Hill,1x2,home,2.25,0
FD_PL_538093,2026-03-20 14:16:26.308588,Casumo,1x2,home,2.25,0
FD_PL_538093,2026-03-20 14:16:26.308588,LiveScore Bet,1x2,home,2.14,0
FD_PL_538093,2026-03-20 14:16:26.308588,Grosvenor,1x2,home,2.25,0
FD_PL_538093,2026-03-20 14:16:26.308588,LeoVegas,1x2,home,2.23,0
FD_PL_538093,2026-03-20 14:16:26.308588,Virgin Bet,1x2,home,2.14,0
FD_PL_538093,2026-03-20 14:16:26.308588,Smarkets,1x2,home,2.3,0
FD_PL_538093,2026-03-20 14:16:26.308588,BoyleSports,1x2,home,2.2,0
FD_PL_538093,2026-03-20 14:16:26.308588,Bet Victor,1x2,home,2.2,0
FD_PL_538093,2026-03-20 14:16:26.308588,Coral,1x2,home,2.2,0
FD_PL_538093,2026-03-20 14:16:26.308588,Ladbrokes,1x2,home,2.2,0
FD_PL_538093,2026-03-20 14:16:26.308588,Betfair Sportsbook,1x2,home,2.1,0
FD_PL_538093,2026-03-20 14:16:26.308588,Matchbook,1x2,home,2.3,0
FD_PL_538093,2026-03-20 14:16:26.308588,Betway,home_win,home,2.25,0
FD_PL_538093,2026-03-20 14:16:26.308588,Paddy Power,home_win,home,2.2,0
FD_PL_538093,2026-03-20 14:16:26.308588,Betfair,home_win,home,2.32,0
FD_PL_538093,2026-03-20 14:16:26.308588,Sky Bet,home_win,home,2.2,0
FD_PL_538093,2026-03-20 14:16:26.308588,888sport,home_win,home,2.25,0
FD_PL_538093,2026-03-20 14:16:26.308588,William Hill,home_win,home,2.25,0
FD_PL_538093,2026-03-20 14:16:26.308588,Casumo,home_win,home,2.25,0
FD_PL_538093,2026-03-20 14:16:26.308588,LiveScore Bet,home_win,home,2.14,0
FD_PL_538093,2026-03-20 14:16:26.308588,Grosvenor,home_win,home,2.25,0
FD_PL_538093,2026-03-20 14:16:26.308588,LeoVegas,home_win,home,2.23,0
FD_PL_538093,2026-03-20 14:16:26.308588,Virgin Bet,home_win,home,2.14,0
FD_PL_538093,2026-03-20 14:16:26.308588,Smarkets,home_win,home,2.3,0
FD_PL_538093,2026-03-20 14:16:26.308588,BoyleSports,home_win,home,2.2,0
FD_PL_538093,2026-03-20 14:16:26.308588,Bet Victor,home_win,home,2.2,0
FD_PL_538093,2026-03-20 14:16:26.308588,Coral,home_win,home,2.2,0
FD_PL_538093,2026-03-20 14:16:26.308588,Ladbrokes,home_win,home,2.2,0
FD_PL_538093,2026-03-20 14:16:26.308588,Betfair Sportsbook,home_win,home,2.1,0
FD_PL_538093,2026-03-20 14:16:26.308588,Matchbook,home_win,home,2.3,0
FD_PL_538093,2026-03-20 14:16:26.308588,Betway,home_win,not_home,1.6215384615384616,0
FD_PL_538093,2026-03-20 14:16:26.308588,Paddy Power,home_win,not_home,1.6374045801526718,0
FD_PL_538093,2026-03-20 14:16:26.308588,Betfair,home_win,not_home,1.7246376811594204,0
FD_PL_538093,2026-03-20 14:16:26.308588,Sky Bet,home_win,not_home,1.6124031007751938,0
FD_PL_538093,2026-03-20 14:16:26.308588,888sport,home_win,not_home,1.5866141732283463,0
FD_PL_538093,2026-03-20 14:16:26.308588,William Hill,home_win,not_home,1.5866141732283463,0
FD_PL_538093,2026-03-20 14:16:26.308588,Casumo,home_win,not_home,1.6465909090909092,0
FD_PL_538093,2026-03-20 14:16:26.308588,LiveScore Bet,home_win,not_home,1.56,0
FD_PL_538093,2026-03-20 14:16:26.308588,Grosvenor,home_win,not_home,1.6465909090909092,0
FD_PL_538093,2026-03-20 14:16:26.308588,LeoVegas,home_win,not_home,1.6351145038167938,0
FD_PL_538093,2026-03-20 14:16:26.308588,Virgin Bet,home_win,not_home,1.56,0
FD_PL_538093,2026-03-20 14:16:26.308588,Smarkets,home_win,not_home,1.6996323529411768,0
FD_PL_538093,2026-03-20 14:16:26.308588,BoyleSports,home_win,not_home,1.6246153846153848,0
FD_PL_538093,2026-03-20 14:16:26.308588,Bet Victor,home_win,not_home,1.6215384615384616,0
FD_PL_538093,2026-03-20 14:16:26.308588,Coral,home_win,not_home,1.671641791044776,0
FD_PL_538093,2026-03-20 14:16:26.308588,Ladbrokes,home_win,not_home,1.6484848484848482,0
FD_PL_538093,2026-03-20 14:16:26.308588,Betfair Sportsbook,home_win,not_home,1.5,0
FD_PL_538093,2026-03-20 14:16:26.308588,Matchbook,home_win,not_home,1.6996323529411768,0
FD_PL_538093,2026-03-20 14:16:26.308588,William Hill,over_2_5,over_2_5,1.91,0
FD_PL_538093,2026-03-20 14:16:26.308588,Casumo,over_2_5,over_2_5,1.88,0
FD_PL_538093,2026-03-20 14:16:26.308588,Grosvenor,over_2_5,over_2_5,1.88,0
FD_PL_538093,2026-03-20 14:16:26.308588,LeoVegas,over_2_5,over_2_5,1.85,0
FD_PL_538093,2026-03-20 14:16:26.308588,Matchbook,over_2_5,over_2_5,1.95,0
FD_PL_538093,2026-03-20 14:16:26.308588,William Hill,over_2_5,under_2_5,1.85,0
FD_PL_538093,2026-03-20 14:16:26.308588,Casumo,over_2_5,under_2_5,1.89,0
FD_PL_538093,2026-03-20 14:16:26.308588,Grosvenor,over_2_5,under_2_5,1.89,0
FD_PL_538093,2026-03-20 14:16:26.308588,LeoVegas,over_2_5,under_2_5,1.87,0
FD_PL_538093,2026-03-20 14:16:26.308588,Matchbook,over_2_5,under_2_5,1.98,0
FD_PD_544499,2026-03-20 14:16:28.184101,Paddy Power,1x2,away,3.3,0
FD_PD_544499,2026-03-20 14:16:28.184101,Sky Bet,1x2,away,3.25,0
FD_PD_544499,2026-03-20 14:16:28.184101,BoyleSports,1x2,away,3.1,0
FD_PD_544499,2026-03-20 14:16:28.184101,Smarkets,1x2,away,3.55,0
FD_PD_544499,2026-03-20 14:16:28.184101,Ladbrokes,1x2,away,3.3,0
FD_PD_544499,2026-03-20 14:16:28.184101,Coral,1x2,away,3.3,0
FD_PD_544499,2026-03-20 14:16:28.184101,William Hill,1x2,away,3.3,0
FD_PD_544499,2026-03-20 14:16:28.184101,Betway,1x2,away,3.3,0
FD_PD_544499,2026-03-20 14:16:28.184101,LiveScore Bet,1x2,away,3.3,0
FD_PD_544499,2026-03-20 14:16:28.184101,LeoVegas,1x2,away,3.35,0
FD_PD_544499,2026-03-20 14:16:28.184101,Casumo,1x2,away,3.45,0
FD_PD_544499,2026-03-20 14:16:28.184101,Grosvenor,1x2,away,3.45,0
FD_PD_544499,2026-03-20 14:16:28.184101,Virgin Bet,1x2,away,3.3,0
FD_PD_544499,2026-03-20 14:16:28.184101,Betfair,1x2,away,3.6,0
FD_PD_544499,2026-03-20 14:16:28.184101,Bet Victor,1x2,away,3.3,0
FD_PD_544499,2026-03-20 14:16:28.184101,Matchbook,1x2,away,3.55,0
FD_PD_544499,2026-03-20 14:16:28.184101,Betfair Sportsbook,1x2,away,3.1,0
FD_PD_544499,2026-03-20 14:16:28.184101,Paddy Power,1x2,draw,3.4,0
FD_PD_544499,2026-03-20 14:16:28.184101,Sky Bet,1x2,draw,3.4,0
FD_PD_544499,2026-03-20 14:16:28.184101,BoyleSports,1x2,draw,3.3,0
FD_PD_544499,2026-03-20 14:16:28.184101,Smarkets,1x2,draw,3.5,0
FD_PD_544499,2026-03-20 14:16:28.184101,Ladbrokes,1x2,draw,3.3,0
FD_PD_544499,2026-03-20 14:16:28.184101,Coral,1x2,draw,3.3,0
FD_PD_544499,2026-03-20 14:16:28.184101,William Hill,1x2,draw,3.3,0
FD_PD_544499,2026-03-20 14:16:28.184101,Betway,1x2,draw,3.4,0
FD_PD_544499,2026-03-20 14:16:28.184101,LiveScore Bet,1x2,draw,3.15,0
FD_PD_544499,2026-03-20 14:16:28.184101,LeoVegas,1x2,draw,3.2,0
FD_PD_544499,2026-03-20 14:16:28.184101,Casumo,1x2,draw,3.3,0
FD_PD_544499,2026-03-20 14:16:28.184101,Grosvenor,1x2,draw,3.3,0
FD_PD_544499,2026-03-20 14:16:28.184101,Virgin Bet,1x2,draw,3.15,0
FD_PD_544499,2026-03-20 14:16:28.184101,Betfair,1x2,draw,3.55,0
FD_PD_544499,2026-03-20 14:16:28.184101,Bet Victor,1x2,draw,3.5,0
FD_PD_544499,2026-03-20 14:16:28.184101,Matchbook,1x2,draw,3.5,0
FD_PD_544499,2026-03-20 14:16:28.184101,Betfair Sportsbook,1x2,draw,3.0,0
FD_PD_544499,2026-03-20 14:16:28.184101,Paddy Power,1x2,home,2.1,0
FD_PD_544499,2026-03-20 14:16:28.184101,Sky Bet,1x2,home,2.1,0
FD_PD_544499,2026-03-20 14:16:28.184101,BoyleSports,1x2,home,2.05,0
FD_PD_544499,2026-03-20 14:16:28.184101,Smarkets,1x2,home,2.2,0
FD_PD_544499,2026-03-20 14:16:28.184101,Ladbrokes,1x2,home,2.15,0
FD_PD_544499,2026-03-20 14:16:28.184101,Coral,1x2,home,2.2,0
FD_PD_544499,2026-03-20 14:16:28.184101,William Hill,1x2,home,2.15,0
FD_PD_544499,2026-03-20 14:16:28.184101,Betway,1x2,home,2.15,0
FD_PD_544499,2026-03-20 14:16:28.184101,LiveScore Bet,1x2,home,2.04,0
FD_PD_544499,2026-03-20 14:16:28.184101,LeoVegas,1x2,home,2.1,0
FD_PD_544499,2026-03-20 14:16:28.184101,Casumo,1x2,home,2.16,0
FD_PD_544499,2026-03-20 14:16:28.184101,Grosvenor,1x2,home,2.16,0
FD_PD_544499,2026-03-20 14:16:28.184101,Virgin Bet,1x2,home,2.04,0
FD_PD_544499,2026-03-20 14:16:28.184101,Betfair,1x2,home,2.22,0
FD_PD_544499,2026-03-20 14:16:28.184101,Bet Victor,1x2,home,2.15,0
FD_PD_544499,2026-03-20 14:16:28.184101,Matchbook,1x2,home,2.2,0
FD_PD_544499,2026-03-20 14:16:28.184101,Betfair Sportsbook,1x2,home,2.1,0
FD_PD_544499,2026-03-20 14:16:28.184101,Paddy Power,home_win,home,2.1,0
FD_PD_544499,2026-03-20 14:16:28.184101,Sky Bet,home_win,home,2.1,0
FD_PD_544499,2026-03-20 14:16:28.184101,BoyleSports,home_win,home,2.05,0
FD_PD_544499,2026-03-20 14:16:28.184101,Smarkets,home_win,home,2.2,0
FD_PD_544499,2026-03-20 14:16:28.184101,Ladbrokes,home_win,home,2.15,0
FD_PD_544499,2026-03-20 14:16:28.184101,Coral,home_win,home,2.2,0
FD_PD_544499,2026-03-20 14:16:28.184101,William Hill,home_win,home,2.15,0
FD_PD_544499,2026-03-20 14:16:28.184101,Betway,home_win,home,2.15,0
FD_PD_544499,2026-03-20 14:16:28.184101,LiveScore Bet,home_win,home,2.04,0
FD_PD_544499,2026-03-20 14:16:28.184101,LeoVegas,home_win,home,2.1,0
FD_PD_544499,2026-03-20 14:16:28.184101,Casumo,home_win,home,2.16,0
FD_PD_544499,2026-03-20 14:16:28.184101,Grosvenor,home_win,home,2.16,0
FD_PD_544499,2026-03-20 14:16:28.184101,Virgin Bet,home_win,home,2.04,0
FD_PD_544499,2026-03-20 14:16:28.184101,Betfair,home_win,home,2.22,0
FD_PD_544499,2026-03-20 14:16:28.184101,Bet Victor,home_win,home,2.15,0
FD_PD_544499,2026-03-20 14:16:28.184101,Matchbook,home_win,home,2.2,0
FD_PD_544499,2026-03-20 14:16:28.184101,Betfair Sportsbook,home_win,home,2.1,0
FD_PD_544499,2026-03-20 14:16:28.184101,Paddy Power,home_win,not_home,1.6746268656716417,0
FD_PD_544499,2026-03-20 14:16:28.184101,Sky Bet,home_win,not_home,1.6616541353383456,0
FD_PD_544499,2026-03-20 14:16:28.184101,BoyleSports,home_win,not_home,1.5984375,0
FD_PD_544499,2026-03-20 14:16:28.184101,Smarkets,home_win,not_home,1.7624113475177308,0
FD_PD_544499,2026-03-20 14:16:28.184101,Ladbrokes,home_win,not_home,1.65,0
FD_PD_544499,2026-03-20 14:16:28.184101,Coral,home_win,not_home,1.65,0
FD_PD_544499,2026-03-20 14:16:28.184101,William Hill,home_win,not_home,1.65,0
FD_PD_544499,2026-03-20 14:16:28.184101,Betway,home_win,not_home,1.6746268656716417,0
FD_PD_544499,2026-03-20 14:16:28.184101,LiveScore Bet,home_win,not_home,1.6116279069767443,0
FD_PD_544499,2026-03-20 14:16:28.184101,LeoVegas,home_win,not_home,1.6366412213740458,0
FD_PD_544499,2026-03-20 14:16:28.184101,Casumo,home_win,not_home,1.6866666666666663,0
FD_PD_544499,2026-03-20 14:16:28.184101,Grosvenor,home_win,not_home,1.6866666666666663,0
FD_PD_544499,2026-03-20 14:16:28.184101,Virgin Bet,home_win,not_home,1.6116279069767443,0
FD_PD_544499,2026-03-20 14:16:28.184101,Betfair,home_win,not_home,1.7874125874125877,0
FD_PD_544499,2026-03-20 14:16:28.184101,Bet Victor,home_win,not_home,1.6985294117647058,0
FD_PD_544499,2026-03-20 14:16:28.184101,Matchbook,home_win,not_home,1.7624113475177308,0
FD_PD_544499,2026-03-20 14:16:28.184101,Betfair Sportsbook,home_win,not_home,1.5245901639344264,0
FD_PD_544499,2026-03-20 14:16:28.184101,William Hill,over_2_5,over_2_5,1.95,0
FD_PD_544499,2026-03-20 14:16:28.184101,LeoVegas,over_2_5,over_2_5,1.95,0
FD_PD_544499,2026-03-20 14:16:28.184101,Casumo,over_2_5,over_2_5,2.0,0
FD_PD_544499,2026-03-20 14:16:28.184101,Grosvenor,over_2_5,over_2_5,2.0,0
FD_PD_544499,2026-03-20 14:16:28.184101,Matchbook,over_2_5,over_2_5,1.96,0
FD_PD_544499,2026-03-20 14:16:28.184101,William Hill,over_2_5,under_2_5,1.8,0
FD_PD_544499,2026-03-20 14:16:28.184101,LeoVegas,over_2_5,under_2_5,1.73,0
FD_PD_544499,2026-03-20 14:16:28.184101,Casumo,over_2_5,under_2_5,1.77,0
FD_PD_544499,2026-03-20 14:16:28.184101,Grosvenor,over_2_5,under_2_5,1.77,0
FD_PD_544499,2026-03-20 14:16:28.184101,Matchbook,over_2_5,under_2_5,1.95,0
FD_BL1_540644,2026-03-20 14:16:30.058083,BoyleSports,1x2,away,1.91,0
FD_BL1_540644,2026-03-20 14:16:30.058083,Paddy Power,1x2,away,1.95,0
FD_BL1_540644,2026-03-20 14:16:30.058083,Sky Bet,1x2,away,2.0,0
FD_BL1_540644,2026-03-20 14:16:30.058083,888sport,1x2,away,1.95,0
FD_BL1_540644,2026-03-20 14:16:30.058083,William Hill,1x2,away,1.95,0
FD_BL1_540644,2026-03-20 14:16:30.058083,Smarkets,1x2,away,2.06,0
FD_BL1_540644,2026-03-20 14:16:30.058083,Betfair,1x2,away,2.08,0
FD_BL1_540644,2026-03-20 14:16:30.058083,Betway,1x2,away,2.0,0
FD_BL1_540644,2026-03-20 14:16:30.058083,Coral,1x2,away,2.0,0
FD_BL1_540644,2026-03-20 14:16:30.058083,Ladbrokes,1x2,away,2.0,0
FD_BL1_540644,2026-03-20 14:16:30.058083,Grosvenor,1x2,away,1.95,0
FD_BL1_540644,2026-03-20 14:16:30.058083,Virgin Bet,1x2,away,1.89,0
FD_BL1_540644,2026-03-20 14:16:30.058083,LeoVegas,1x2,away,1.93,0
FD_BL1_540644,2026-03-20 14:16:30.058083,Casumo,1x2,away,1.95,0
FD_BL1_540644,2026-03-20 14:16:30.058083,LiveScore Bet,1x2,away,1.89,0
FD_BL1_540644,2026-03-20 14:16:30.058083,Bet Victor,1x2,away,1.95,0
FD_BL1_540644,2026-03-20 14:16:30.058083,Betfair Sportsbook,1x2,away,1.91,0
FD_BL1_540644,2026-03-20 14:16:30.058083,Matchbook,1x2,away,2.06,0
FD_BL1_540644,2026-03-20 14:16:30.058083,BoyleSports,1x2,draw,3.75,0
FD_BL1_540644,2026-03-20 14:16:30.058083,Paddy Power,1x2,draw,3.8,0
FD_BL1_540644,2026-03-20 14:16:30.058083,Sky Bet,1x2,draw,3.75,0
FD_BL1_540644,2026-03-20 14:16:30.058083,888sport,1x2,draw,3.6,0
FD_BL1_540644,2026-03-20 14:16:30.058083,William Hill,1x2,draw,3.7,0
FD_BL1_540644,2026-03-20 14:16:30.058083,Smarkets,1x2,draw,3.85,0
FD_BL1_540644,2026-03-20 14:16:30.058083,Betfair,1x2,draw,3.9,0
FD_BL1_540644,2026-03-20 14:16:30.058083,Betway,1x2,draw,3.75,0
FD_BL1_540644,2026-03-20 14:16:30.058083,Coral,1x2,draw,3.8,0
FD_BL1_540644,2026-03-20 14:16:30.058083,Ladbrokes,1x2,draw,3.75,0
FD_BL1_540644,2026-03-20 14:16:30.058083,Grosvenor,1x2,draw,3.8,0
FD_BL1_540644,2026-03-20 14:16:30.058083,Virgin Bet,1x2,draw,3.6,0
FD_BL1_540644,2026-03-20 14:16:30.058083,LeoVegas,1x2,draw,3.75,0
FD_BL1_540644,2026-03-20 14:16:30.058083,Casumo,1x2,draw,3.8,0
FD_BL1_540644,2026-03-20 14:16:30.058083,LiveScore Bet,1x2,draw,3.6,0
FD_BL1_540644,2026-03-20 14:16:30.058083,Bet Victor,1x2,draw,3.6,0
FD_BL1_540644,2026-03-20 14:16:30.058083,Betfair Sportsbook,1x2,draw,3.25,0
FD_BL1_540644,2026-03-20 14:16:30.058083,Matchbook,1x2,draw,3.95,0
FD_BL1_540644,2026-03-20 14:16:30.058083,BoyleSports,1x2,home,3.1,0
FD_BL1_540644,2026-03-20 14:16:30.058083,Paddy Power,1x2,home,3.3,0
FD_BL1_540644,2026-03-20 14:16:30.058083,Sky Bet,1x2,home,3.3,0
FD_BL1_540644,2026-03-20 14:16:30.058083,888sport,1x2,home,3.4,0
FD_BL1_540644,2026-03-20 14:16:30.058083,William Hill,1x2,home,3.4,0
FD_BL1_540644,2026-03-20 14:16:30.058083,Smarkets,1x2,home,3.55,0
FD_BL1_540644,2026-03-20 14:16:30.058083,Betfair,1x2,home,3.6,0
FD_BL1_540644,2026-03-20 14:16:30.058083,Betway,1x2,home,3.4,0
FD_BL1_540644,2026-03-20 14:16:30.058083,Coral,1x2,home,3.4,0
FD_BL1_540644,2026-03-20 14:16:30.058083,Ladbrokes,1x2,home,3.3,0
FD_BL1_540644,2026-03-20 14:16:30.058083,Grosvenor,1x2,home,3.45,0
FD_BL1_540644,2026-03-20 14:16:30.058083,Virgin Bet,1x2,home,3.25,0
FD_BL1_540644,2026-03-20 14:16:30.058083,LeoVegas,1x2,home,3.4,0
FD_BL1_540644,2026-03-20 14:16:30.058083,Casumo,1x2,home,3.45,0
FD_BL1_540644,2026-03-20 14:16:30.058083,LiveScore Bet,1x2,home,3.25,0
FD_BL1_540644,2026-03-20 14:16:30.058083,Bet Victor,1x2,home,3.25,0
FD_BL1_540644,2026-03-20 14:16:30.058083,Betfair Sportsbook,1x2,home,3.25,0
FD_BL1_540644,2026-03-20 14:16:30.058083,Matchbook,1x2,home,3.6,0
FD_BL1_540644,2026-03-20 14:16:30.058083,BoyleSports,home_win,home,3.1,0
FD_BL1_540644,2026-03-20 14:16:30.058083,Paddy Power,home_win,home,3.3,0
FD_BL1_540644,2026-03-20 14:16:30.058083,Sky Bet,home_win,home,3.3,0
FD_BL1_540644,2026-03-20 14:16:30.058083,888sport,home_win,home,3.4,0
FD_BL1_540644,2026-03-20 14:16:30.058083,William Hill,home_win,home,3.4,0
FD_BL1_540644,2026-03-20 14:16:30.058083,Smarkets,home_win,home,3.55,0
FD_BL1_540644,2026-03-20 14:16:30.058083,Betfair,home_win,home,3.6,0
FD_BL1_540644,2026-03-20 14:16:30.058083,Betway,home_win,home,3.4,0
FD_BL1_540644,2026-03-20 14:16:30.058083,Coral,home_win,home,3.4,0
FD_BL1_540644,2026-03-20 14:16:30.058083,Ladbrokes,home_win,home,3.3,0
FD_BL1_540644,2026-03-20 14:16:30.058083,Grosvenor,home_win,home,3.45,0
FD_BL1_540644,2026-03-20 14:16:30.058083,Virgin Bet,home_win,home,3.25,0
FD_BL1_540644,2026-03-20 14:16:30.058083,LeoVegas,home_win,home,3.4,0
FD_BL1_540644,2026-03-20 14:16:30.058083,Casumo,home_win,home,3.45,0
FD_BL1_540644,2026-03-20 14:16:30.058083,LiveScore Bet,home_win,home,3.25,0
FD_BL1_540644,2026-03-20 14:16:30.058083,Bet Victor,home_win,home,3.25,0
FD_BL1_540644,2026-03-20 14:16:30.058083,Betfair Sportsbook,home_win,home,3.25,0
FD_BL1_540644,2026-03-20 14:16:30.058083,Matchbook,home_win,home,3.6,0
FD_BL1_540644,2026-03-20 14:16:30.058083,BoyleSports,home_win,not_home,1.265459363957597,0
FD_BL1_540644,2026-03-20 14:16:30.058083,Paddy Power,home_win,not_home,1.2886956521739128,0
FD_BL1_540644,2026-03-20 14:16:30.058083,Sky Bet,home_win,not_home,1.3043478260869563,0
FD_BL1_540644,2026-03-20 14:16:30.058083,888sport,home_win,not_home,1.2648648648648648,0
FD_BL1_540644,2026-03-20 14:16:30.058083,William Hill,home_win,not_home,1.2769911504424778,0
FD_BL1_540644,2026-03-20 14:16:30.058083,Smarkets,home_win,not_home,1.3419627749576988,0
FD_BL1_540644,2026-03-20 14:16:30.058083,Betfair,home_win,not_home,1.3565217391304347,0
FD_BL1_540644,2026-03-20 14:16:30.058083,Betway,home_win,not_home,1.3043478260869563,0
FD_BL1_540644,2026-03-20 14:16:30.058083,Coral,home_win,not_home,1.310344827586207,0
FD_BL1_540644,2026-03-20 14:16:30.058083,Ladbrokes,home_win,not_home,1.3043478260869563,0
FD_BL1_540644,2026-03-20 14:16:30.058083,Grosvenor,home_win,not_home,1.2886956521739128,0
FD_BL1_540644,2026-03-20 14:16:30.058083,Virgin Bet,home_win,not_home,1.239344262295082,0
FD_BL1_540644,2026-03-20 14:16:30.058083,LeoVegas,home_win,not_home,1.2742077464788732,0
FD_BL1_540644,2026-03-20 14:16:30.058083,Casumo,home_win,not_home,1.2886956521739128,0
FD_BL1_540644,2026-03-20 14:16:30.058083,LiveScore Bet,home_win,not_home,1.239344262295082,0
FD_BL1_540644,2026-03-20 14:16:30.058083,Bet Victor,home_win,not_home,1.2648648648648648,0
FD_BL1_540644,2026-03-20 14:16:30.058083,Betfair Sportsbook,home_win,not_home,1.2030038759689925,0
FD_BL1_540644,2026-03-20 14:16:30.058083,Matchbook,home_win,not_home,1.353910149750416,0
FD_BL1_540644,2026-03-20 14:16:30.058083,William Hill,over_2_5,over_2_5,1.57,0
FD_BL1_540644,2026-03-20 14:16:30.058083,Grosvenor,over_2_5,over_2_5,1.55,0
FD_BL1_540644,2026-03-20 14:16:30.058083,LeoVegas,over_2_5,over_2_5,1.51,0
FD_BL1_540644,2026-03-20 14:16:30.058083,Casumo,over_2_5,over_2_5,1.55,0
FD_BL1_540644,2026-03-20 14:16:30.058083,William Hill,over_2_5,under_2_5,2.3,0
FD_BL1_540644,2026-03-20 14:16:30.058083,Grosvenor,over_2_5,under_2_5,2.4,0
FD_BL1_540644,2026-03-20 14:16:30.058083,LeoVegas,over_2_5,under_2_5,2.33,0
FD_BL1_540644,2026-03-20 14:16:30.058083,Casumo,over_2_5,under_2_5,2.4,0
FD_BL1_540648,2026-03-20 14:16:30.058083,BoyleSports,1x2,away,6.5,0
FD_BL1_540648,2026-03-20 14:16:30.058083,Sky Bet,1x2,away,7.0,0
FD_BL1_540648,2026-03-20 14:16:30.058083,Paddy Power,1x2,away,7.0,0
FD_BL1_540648,2026-03-20 14:16:30.058083,888sport,1x2,away,6.5,0
FD_BL1_540648,2026-03-20 14:16:30.058083,William Hill,1x2,away,6.5,0
FD_BL1_540648,2026-03-20 14:16:30.058083,Smarkets,1x2,away,8.4,0
FD_BL1_540648,2026-03-20 14:16:30.058083,Betfair,1x2,away,8.2,0
FD_BL1_540648,2026-03-20 14:16:30.058083,Betway,1x2,away,7.0,0
FD_BL1_540648,2026-03-20 14:16:30.058083,Coral,1x2,away,6.5,0
FD_BL1_540648,2026-03-20 14:16:30.058083,Ladbrokes,1x2,away,6.5,0
FD_BL1_540648,2026-03-20 14:16:30.058083,LeoVegas,1x2,away,7.5,0
FD_BL1_540648,2026-03-20 14:16:30.058083,Virgin Bet,1x2,away,6.75,0
FD_BL1_540648,2026-03-20 14:16:30.058083,Casumo,1x2,away,7.5,0
FD_BL1_540648,2026-03-20 14:16:30.058083,LiveScore Bet,1x2,away,6.75,0
FD_BL1_540648,2026-03-20 14:16:30.058083,Grosvenor,1x2,away,7.5,0
FD_BL1_540648,2026-03-20 14:16:30.058083,Bet Victor,1x2,away,6.5,0
FD_BL1_540648,2026-03-20 14:16:30.058083,Betfair Sportsbook,1x2,away,6.5,0
FD_BL1_540648,2026-03-20 14:16:30.058083,Matchbook,1x2,away,8.0,0
FD_BL1_540648,2026-03-20 14:16:30.058083,BoyleSports,1x2,draw,4.75,0
FD_BL1_540648,2026-03-20 14:16:30.058083,Sky Bet,1x2,draw,5.0,0
FD_BL1_540648,2026-03-20 14:16:30.058083,Paddy Power,1x2,draw,5.0,0
FD_BL1_540648,2026-03-20 14:16:30.058083,888sport,1x2,draw,4.6,0
FD_BL1_540648,2026-03-20 14:16:30.058083,William Hill,1x2,draw,4.75,0
FD_BL1_540648,2026-03-20 14:16:30.058083,Smarkets,1x2,draw,5.4,0
FD_BL1_540648,2026-03-20 14:16:30.058083,Betfair,1x2,draw,5.3,0
FD_BL1_540648,2026-03-20 14:16:30.058083,Betway,1x2,draw,5.0,0
FD_BL1_540648,2026-03-20 14:16:30.058083,Coral,1x2,draw,5.25,0
FD_BL1_540648,2026-03-20 14:16:30.058083,Ladbrokes,1x2,draw,5.0,0
FD_BL1_540648,2026-03-20 14:16:30.058083,LeoVegas,1x2,draw,4.9,0
FD_BL1_540648,2026-03-20 14:16:30.058083,Virgin Bet,1x2,draw,4.7,0
FD_BL1_540648,2026-03-20 14:16:30.058083,Casumo,1x2,draw,4.9,0
FD_BL1_540648,2026-03-20 14:16:30.058083,LiveScore Bet,1x2,draw,4.7,0
FD_BL1_540648,2026-03-20 14:16:30.058083,Grosvenor,1x2,draw,4.9,0
FD_BL1_540648,2026-03-20 14:16:30.058083,Bet Victor,1x2,draw,4.6,0
FD_BL1_540648,2026-03-20 14:16:30.058083,Betfair Sportsbook,1x2,draw,4.2,0
FD_BL1_540648,2026-03-20 14:16:30.058083,Matchbook,1x2,draw,5.2,0
FD_BL1_540648,2026-03-20 14:16:30.058083,BoyleSports,1x2,home,1.36,0
FD_BL1_540648,2026-03-20 14:16:30.058083,Sky Bet,1x2,home,1.36,0
FD_BL1_540648,2026-03-20 14:16:30.058083,Paddy Power,1x2,home,1.36,0
FD_BL1_540648,2026-03-20 14:16:30.058083,888sport,1x2,home,1.4,0
FD_BL1_540648,2026-03-20 14:16:30.058083,William Hill,1x2,home,1.4,0
FD_BL1_540648,2026-03-20 14:16:30.058083,Smarkets,1x2,home,1.41,0
FD_BL1_540648,2026-03-20 14:16:30.058083,Betfair,1x2,home,1.43,0
FD_BL1_540648,2026-03-20 14:16:30.058083,Betway,1x2,home,1.4,0
FD_BL1_540648,2026-03-20 14:16:30.058083,Coral,1x2,home,1.4,0
FD_BL1_540648,2026-03-20 14:16:30.058083,Ladbrokes,1x2,home,1.4,0
FD_BL1_540648,2026-03-20 14:16:30.058083,LeoVegas,1x2,home,1.36,0
FD_BL1_540648,2026-03-20 14:16:30.058083,Virgin Bet,1x2,home,1.34,0
FD_BL1_540648,2026-03-20 14:16:30.058083,Casumo,1x2,home,1.36,0
FD_BL1_540648,2026-03-20 14:16:30.058083,LiveScore Bet,1x2,home,1.34,0
FD_BL1_540648,2026-03-20 14:16:30.058083,Grosvenor,1x2,home,1.36,0
FD_BL1_540648,2026-03-20 14:16:30.058083,Bet Victor,1x2,home,1.36,0
FD_BL1_540648,2026-03-20 14:16:30.058083,Betfair Sportsbook,1x2,home,1.36,0
FD_BL1_540648,2026-03-20 14:16:30.058083,Matchbook,1x2,home,1.43,0
FD_BL1_540648,2026-03-20 14:16:30.058083,BoyleSports,home_win,home,1.36,0
FD_BL1_540648,2026-03-20 14:16:30.058083,Sky Bet,home_win,home,1.36,0
FD_BL1_540648,2026-03-20 14:16:30.058083,Paddy Power,home_win,home,1.36,0
FD_BL1_540648,2026-03-20 14:16:30.058083,888sport,home_win,home,1.4,0
FD_BL1_540648,2026-03-20 14:16:30.058083,William Hill,home_win,home,1.4,0
FD_BL1_540648,2026-03-20 14:16:30.058083,Smarkets,home_win,home,1.41,0
FD_BL1_540648,2026-03-20 14:16:30.058083,Betfair,home_win,home,1.43,0
FD_BL1_540648,2026-03-20 14:16:30.058083,Betway,home_win,home,1.4,0
FD_BL1_540648,2026-03-20 14:16:30.058083,Coral,home_win,home,1.4,0
FD_BL1_540648,2026-03-20 14:16:30.058083,Ladbrokes,home_win,home,1.4,0
FD_BL1_540648,2026-03-20 14:16:30.058083,LeoVegas,home_win,home,1.36,0
FD_BL1_540648,2026-03-20 14:16:30.058083,Virgin Bet,home_win,home,1.34,0
FD_BL1_540648,2026-03-20 14:16:30.058083,Casumo,home_win,home,1.36,0
FD_BL1_540648,2026-03-20 14:16:30.058083,LiveScore Bet,home_win,home,1.34,0
FD_BL1_540648,2026-03-20 14:16:30.058083,Grosvenor,home_win,home,1.36,0
FD_BL1_540648,2026-03-20 14:16:30.058083,Bet Victor,home_win,home,1.36,0
FD_BL1_540648,2026-03-20 14:16:30.058083,Betfair Sportsbook,home_win,home,1.36,0
FD_BL1_540648,2026-03-20 14:16:30.058083,Matchbook,home_win,home,1.43,0
FD_BL1_540648,2026-03-20 14:16:30.058083,BoyleSports,home_win,not_home,2.7444444444444445,0
FD_BL1_540648,2026-03-20 14:16:30.058083,Sky Bet,home_win,not_home,2.9166666666666665,0
FD_BL1_540648,2026-03-20 14:16:30.058083,Paddy Power,home_win,not_home,2.9166666666666665,0
FD_BL1_540648,2026-03-20 14:16:30.058083,888sport,home_win,not_home,2.6936936936936933,0
FD_BL1_540648,2026-03-20 14:16:30.058083,William Hill,home_win,not_home,2.7444444444444445,0
FD_BL1_540648,2026-03-20 14:16:30.058083,Smarkets,home_win,not_home,3.286956521739131,0
FD_BL1_540648,2026-03-20 14:16:30.058083,Betfair,home_win,not_home,3.219259259259259,0
FD_BL1_540648,2026-03-20 14:16:30.058083,Betway,home_win,not_home,2.9166666666666665,0
FD_BL1_540648,2026-03-20 14:16:30.058083,Coral,home_win,not_home,2.904255319148936,0
FD_BL1_540648,2026-03-20 14:16:30.058083,Ladbrokes,home_win,not_home,2.826086956521739,0
FD_BL1_540648,2026-03-20 14:16:30.058083,LeoVegas,home_win,not_home,2.963709677419355,0
FD_BL1_540648,2026-03-20 14:16:30.058083,Virgin Bet,home_win,not_home,2.770742358078603,0
FD_BL1_540648,2026-03-20 14:16:30.058083,Casumo,home_win,not_home,2.963709677419355,0
FD_BL1_540648,2026-03-20 14:16:30.058083,LiveScore Bet,home_win,not_home,2.770742358078603,0
FD_BL1_540648,2026-03-20 14:16:30.058083,Grosvenor,home_win,not_home,2.963709677419355,0
FD_BL1_540648,2026-03-20 14:16:30.058083,Bet Victor,home_win,not_home,2.6936936936936933,0
FD_BL1_540648,2026-03-20 14:16:30.058083,Betfair Sportsbook,home_win,not_home,2.5514018691588785,0
FD_BL1_540648,2026-03-20 14:16:30.058083,Matchbook,home_win,not_home,3.151515151515152,0
FD_BL1_540648,2026-03-20 14:16:30.058083,William Hill,over_2_5,over_2_5,1.5,0
FD_BL1_540648,2026-03-20 14:16:30.058083,William Hill,over_2_5,under_2_5,2.5,0
